aqi_key,lat_lon,latitude,longitude,city_state,time_updated,AQI,CO,H,NO2,Ozone,pm10,pm25
1,"40.7127837,-74.0059413",40.7127837,-74.0059413,"New York,NY",11/7/2022 21:00,18,4.8,21.5,16.6,98.1,na,18
2,"34.06653,-118.22676",34.06653,-118.22676,"Los Angeles,CA",11/7/2022 18:00,23,2.3,91,5.2,19.2,1,23
3,"41.9136,-87.7239",41.9136,-87.7239,"Chicago,IL",11/7/2022 20:00,26,na,64,na,na,na,26
4,"25.794722222222,-80.215555555556",25.79472222,-80.21555556,"Miami,FL",11/7/2022 20:00,34,1.9,88,na,13,19,34
5,"32.8200608,-96.8601165",32.8200608,-96.8601165,"Dallas,TX",11/7/2022 19:00,9,2.3,91.5,7.9,10.4,15,9
6,"39.934635,-75.126126",39.934635,-75.126126,"Philadelphia,PA",11/7/2022 21:00,30,1.2,35,12.1,27.2,na,30
7,"29.686389,-95.294722",29.686389,-95.294722,"Houston,TX",11/7/2022 20:00,19,na,81.5,7.7,19.2,na,na
8,"33.720192,-84.357056",33.720192,-84.357056,"Atlanta,GA",11/7/2022 20:00,35,na,85,na,25.6,na,35
9,"38.8577,-77.05922",38.8577,-77.05922,"Washington,DC",11/7/2022 21:00,21,0.1,22,1.9,15.9,11,21
10,"42.3584308,-71.0597732",42.3584308,-71.0597732,"Boston,MA",11/7/2022 21:00,30,3.4,30,6.5,30.4,na,17
11,"33.403055555556,-112.07527777778",33.40305556,-112.0752778,"Phoenix,AZ",11/7/2022 19:00,55,13.4,40,4.7,19.2,55,43
12,"47.597222,-122.319722",47.597222,-122.319722,"Seattle,WA",11/7/2022 20:00,30,na,94.8,21.8,na,na,30
13,"37.76595,-122.39902",37.76595,-122.39902,"San Francisco,CA",11/7/2022 18:00,26,2.3,78,4.5,25.6,na,9
14,"42.3149367,-83.0363633",42.3149367,-83.0363633,"Detroit,MI",11/7/2022 21:00,17,1.8,58.5,6.5,16.8,na,9
15,"32.7101770008584,-117.142665",32.710177,-117.142665,"San Diego,CA",11/7/2022 18:00,18,na,72,na,18.4,7,10
16,"44.9536,-93.2581",44.9536,-93.2581,"Minneapolis,MN",11/7/2022 20:00,22,na,66,na,na,na,22
17,"27.928333333333,-82.454444444444",27.92833333,-82.45444444,"Tampa,FL",11/7/2022 21:00,20,2.5,80,1,13.5,20,19
18,"39.751184,-104.987625",39.751184,-104.987625,"Denver,CO",11/7/2022 19:00,55,5.2,62,17.4,2.5,30,55
19,"40.736251,-73.821655",40.736251,-73.821655,"Queens,NY",11/7/2022 20:00,18,1.7,17.3,8.2,29.6,na,18
20,"33.99952,-117.41595",33.99952,-117.41595,"Riverside,CA",11/7/2022 18:00,17,1.2,97.8,2.3,16.8,8,3
21,"39.2981,-76.604698",39.2981,-76.604698,"Baltimore,MD",1/13/2022 6:00,63,na,83,na,na,na,63
22,"36.19126,-115.12293",36.19126,-115.12293,"Las Vegas,NV",2/8/2020 19:00,7,0.1,na,6.6,7.4,24,21
23,"45.496640911,-122.60287735",45.49664091,-122.6028774,"Portland,OR",11/7/2022 17:00,24,1.2,94.5,3.6,23.8,na,9
24,"29.4072945,-98.431251",29.4072945,-98.431251,"San Antonio,TX",11/7/2022 20:00,8,na,64,na,8,na,na
25,"38.656449,-90.198548",38.656449,-90.198548,"St. Louis,MO",11/7/2022 20:00,39,2.3,48,9.2,17.6,18,39
26,"38.56844,-121.49311",38.56844,-121.49311,"Sacramento,CA",11/7/2022 17:00,7,na,71.1,6.5,0.1,7,5
27,"28.596388888889,-81.3625",28.59638889,-81.3625,"Orlando,FL",11/7/2022 20:00,30,1.9,88,1.3,11.8,17,30
28,"37.34849,-121.89494",37.34849,-121.89494,"San Jose,CA",11/7/2022 18:00,18,2.3,73,11.8,18.4,na,9
29,"41.492191,-81.678552",41.492191,-81.678552,"Cleveland,OH",11/7/2022 21:00,24,1.2,60,2.8,23.3,24,na
30,"40.4045579,-79.9102686",40.4045579,-79.9102686,"Pittsburgh,PA",11/7/2022 19:00,23,na,45,5.6,0.8,na,23
31,"30.3544356,-97.7602554",30.3544356,-97.7602554,"Austin,TX",11/7/2022 19:00,25,na,77.3,7.5,16.8,na,25
32,"39.12886,-84.50404",39.12886,-84.50404,"Cincinnati,OH",11/7/2022 21:00,30,1.2,26,18.7,16.8,23,30
33,"39.10465,-94.57055",39.10465,-94.57055,"Kansas City,MO",11/7/2022 20:00,28,na,32,4.9,na,20,28
34,"39.787933,-86.13088",39.787933,-86.13088,"Indianapolis,IN",11/7/2022 21:00,40,5.6,49.8,23.2,na,na,40
35,"40.002734,-82.994404",40.002734,-82.994404,"Columbus,OH",5/25/2020 10:00,-,na,56.3,3.8,na,na,na
36,"35.281791,-80.851473",35.281791,-80.851473,"Charlotte,NC",11/7/2022 21:00,34,na,77,na,na,na,34
37,"40.867985,-73.87808",40.867985,-73.87808,"Bronx,NY",11/7/2022 20:00,27,1.2,31,15.2,30.4,na,27
38,"43.01724,-87.93369",43.01724,-87.93369,"Milwaukee,WI",11/7/2022 20:00,40,2.3,70,7.5,21.3,12,40
39,"41.829495,-71.417457",41.829495,-71.417457,"Providence,RI",11/7/2022 21:00,17,2.3,28,5,na,na,17
40,"30.356388888889,-81.635277777778",30.35638889,-81.63527778,"Jacksonville,FL",11/7/2022 21:00,25,na,75.2,3.2,14.7,12,25
41,"40.733501,-111.871696",40.733501,-111.871696,"Salt Lake City,UT",11/7/2022 19:00,19,1.6,32,13,19.2,na,15
42,"36.1767,-86.7386",36.1767,-86.7386,"Nashville,TN",11/6/2022 22:00,-,na,74.4,na,na,na,36
43,"37.55652,-77.40027",37.55652,-77.40027,"Richmond,VA",11/7/2022 20:00,89,0.1,42.6,6.4,10.6,42,89
44,"35.856098,-78.574203",35.856098,-78.574203,"Raleigh,NC",11/7/2022 21:00,44,3.4,93,14,8,21,44
45,"29.993278,-90.101464",29.993278,-90.101464,"New Orleans,LA",11/7/2022 19:00,53,1.2,3,5.6,20,13,53
46,"38.288191,-85.741337",38.288191,-85.741337,"Louisville,KY",11/7/2022 21:00,22,na,37.5,na,na,na,22
47,"35.502968,-97.577674",35.502968,-97.577674,"Oklahoma City,OK",11/7/2022 20:00,55,10,76,20.4,na,29,55
48,"41.171398,-73.195297",41.171398,-73.195297,"Bridgeport,CT",11/7/2022 21:00,15,na,29,na,na,na,15
49,"42.8864468,-78.8783689",42.8864468,-78.8783689,"Buffalo,NY",11/7/2022 21:00,36,2.7,55,9.8,20,na,36
50,"32.7591432,-97.3423337",32.7591432,-97.3423337,"Fort Worth,TX",11/7/2022 19:00,26,na,92,na,na,na,26
51,"41.771444,-72.679923",41.771444,-72.679923,"Hartford,CT",11/7/2022 21:00,16,1,30,1.9,na,12,16
52,"32.251846,-110.965296",32.251846,-110.965296,"Tucson,AZ",11/7/2022 19:00,21,2.1,23,1.7,47.2,21,9
53,"41.2474,-95.9731",41.2474,-95.9731,"Omaha,NE",11/7/2022 20:00,24,1.2,44.8,na,21.6,24,21
54,"31.7656976,-106.4552204",31.7656976,-106.4552204,"El Paso,TX",11/7/2022 18:00,65,13.4,29.9,39.5,0.8,57,65
55,"21.30758,-157.85542",21.30758,-157.85542,"Honolulu,HI",11/7/2022 16:00,9,0.2,58,na,na,na,9
56,"26.2262097,-98.291069",26.2262097,-98.291069,"McAllen,TX",11/7/2022 20:00,19,na,83.5,na,19.2,na,25
57,"35.0186,-106.651901",35.0186,-106.651901,"Albuquerque,NM",11/7/2022 18:00,30,1.2,37,6.5,23.3,30,21
58,"52.486243,-1.890401",52.486243,-1.890401,"Birmingham,AL",10/1/2021 15:00,13,na,61.5,3.2,27.3,5,13
59,"27.290555555556,-82.507222222222",27.29055556,-82.50722222,"Sarasota,FL",11/7/2022 20:00,25,na,61.3,na,17,20,25
60,"39.758235,-84.197375",39.758235,-84.197375,"Dayton,OH",11/7/2022 21:00,27,na,31.8,na,na,na,27
61,"43.145021,-77.557608",43.145021,-77.557608,"Rochester,NY",11/7/2022 21:00,28,3.1,63.5,2.9,18.4,na,28
62,"36.78538,-119.77321",36.78538,-119.77321,"Fresno,CA",11/7/2022 18:00,20,3.4,81,8.2,18.4,11,20
63,"36.206699,-95.976402",36.206699,-95.976402,"Tulsa,OK",11/7/2022 19:00,84,3.4,77,14.9,10.4,84,49
64,"26.601944444444,-81.877777777778",26.60194444,-81.87777778,"Cape Coral,FL",9/28/2022 8:00,11,na,88,na,10.6,15,21
65,"37.936,-122.0262",37.936,-122.0262,"Concord,CA",11/7/2022 18:00,25,2.3,70.4,1.1,24.8,na,9
66,"38.848014,-104.828564",38.848014,-104.828564,"Colorado Springs,CO",11/7/2022 19:00,25,1,58,na,7,21,25
67,"32.836602,-79.956983",32.836602,-79.956983,"Charleston,SC",7/6/2022 13:00,28,na,68.5,4.7,na,na,28
68,"37.256069,-93.299692",37.256069,-93.299692,"Springfield,MA",11/7/2022 20:00,38,na,58,na,31.2,18,38
69,"42.9633599,-85.6680863",42.9633599,-85.6680863,"Grand Rapids,MI",11/7/2022 21:00,48,4.2,69,11.2,9.6,17,48
70,"42.642253,-73.754576",42.642253,-73.754576,"Albany,NY",11/7/2022 21:00,18,2.3,56,na,2,na,18
71,"35.9803,-83.9306",35.9803,-83.9306,"Knoxville,TN",11/7/2022 21:00,42,na,75,na,na,na,42
72,"35.35662,-119.06261",35.35662,-119.06261,"Bakersfield,CA",11/7/2022 18:00,18,na,76,8.8,18.4,8,14
73,"41.206402,-111.975197",41.206402,-111.975197,"Ogden,UT",11/7/2022 19:00,19,1.6,32,13,19.2,na,15
74,"30.46198,-91.17922",30.46198,-91.17922,"Baton Rouge,LA",11/7/2022 20:00,52,4.9,79,18.8,6.4,13,52
75,"41.063526,-81.468956",41.063526,-81.468956,"Akron,OH",11/7/2022 21:00,43,na,49,na,na,na,43
76,"41.3011,-72.9028",41.3011,-72.9028,"New Haven,CT",11/7/2022 21:00,17,1,35.5,1.9,17.1,11,15
77,"35.65188,-87.0096",35.65188,-87.0096,"Columbia,SC",11/7/2022 20:00,21,na,96,na,na,na,21
78,"33.410277777778,-111.865",33.41027778,-111.865,"Mesa,AZ",11/7/2022 19:00,47,6.7,22,na,6.4,30,47
79,"28.053611111111,-80.628611111111",28.05361111,-80.62861111,"Palm Bay,FL",11/7/2022 20:00,35,na,61,na,16.7,24,35
80,"40.253502,-111.6632",40.253502,-111.6632,"Provo,UT",11/7/2022 19:00,19,1.6,32,13,19.2,na,15
81,"42.263877,-71.794186",42.263877,-71.794186,"Worcester,MA",11/7/2022 21:00,30,2.3,35,1.9,29.6,na,5
82,"35.638599,-77.358002",35.638599,-77.358002,"Greenville,SC",11/7/2022 20:00,25,na,100,na,na,na,25
83,"37.7011,-97.3139",37.7011,-97.3139,"Wichita,KS",11/7/2022 20:00,26,na,52,2.7,25.6,21,23
84,"41.644067,-83.54625",41.644067,-83.54625,"Toledo,OH",11/7/2022 21:00,48,na,43,na,na,na,48
85,"40.63306,-74.137156",40.63306,-74.137156,"Staten Island,NY",11/7/2022 21:00,14,na,26,na,12.8,na,14
86,"41.603056,-93.643056",41.603056,-93.643056,"Des Moines,IA",11/7/2022 20:00,16,na,50,7.1,29.6,na,16
87,"33.7924,-118.17525",33.7924,-118.17525,"Long Beach,CA",5/5/2022 14:00,56,na,47,na,na,na,56
88,"33.2190564,-97.1962872",33.2190564,-97.1962872,"Denton,TX",11/7/2022 20:00,14,na,95.3,4.9,13.6,na,9
89,"43.07378,-89.43595",43.07378,-89.43595,"Madison,WI",11/7/2022 20:00,24,na,59,na,19.4,11,24
90,"40.246992,-76.846988",40.246992,-76.846988,"Harrisburg,PA",11/7/2022 20:00,16,na,18,8.4,20,11,16
91,"34.7561,-92.2758",34.7561,-92.2758,"Little Rock,AR",11/7/2022 20:00,24,na,77,na,19.2,na,24
92,"37.793635,-122.263356",37.793635,-122.263356,"Oakland,CA",11/7/2022 18:00,21,3.4,70,10.7,na,na,21
93,"35.9919,-78.8964",35.9919,-78.8964,"Durham,NC",11/7/2022 21:00,38,na,90.6,na,na,25,38
94,"36.1106,-80.2267",36.1106,-80.2267,"Winston-Salem,NC",11/7/2022 21:00,30,na,64,3.7,37.6,14,30
95,"26.27,-81.710833333333",26.27,-81.71083333,"Bonita Springs,FL",11/7/2022 20:00,35,na,48,na,13.5,15,35
96,"35.0508,-85.2931",35.0508,-85.2931,"Chattanooga,TN",11/7/2022 21:00,43,na,81,na,na,na,43
97,"47.69983,-117.42631",47.69983,-117.42631,"Spokane,WA",11/7/2022 20:00,35,na,89,na,na,na,35
98,"43.052351,-76.059185",43.052351,-76.059185,"Syracuse,NY",11/7/2022 21:00,23,na,55,na,17.6,na,23
99,"34.66959,-118.13068",34.66959,-118.13068,"Lancaster,PA",11/7/2022 18:00,27,na,62,1.9,27.2,4,9
100,"32.6563574,-97.0885849",32.6563574,-97.0885849,"Arlington,TX",11/7/2022 21:00,3,na,88,15.3,3.2,na,na
101,"37.95075,-121.26897",37.95075,-121.26897,"Stockton,CA",11/5/2021 10:00,42,2.4,55,6.5,16.8,15,42
102,"33.433349,-82.022217",33.433349,-82.022217,"Augusta,GA",11/7/2022 20:00,45,na,83,na,na,19,45
103,"43.618889,-116.213611",43.618889,-116.213611,"Boise,ID",10/26/2022 7:00,8,6.9,66.6,17.6,48.1,8,5
104,"34.25238,-119.14318",34.25238,-119.14318,"Oxnard,CA",11/7/2022 18:00,24,na,90,1.9,24.1,5,13
105,"41.4428,-75.6231",41.4428,-75.6231,"Scranton,PA",11/7/2022 20:00,15,3.4,38.5,4.7,28.9,14,15
106,"37.64217,-120.99421",37.64217,-120.99421,"Modesto,CA",11/7/2022 18:00,26,1.2,50,na,25.6,15,5
107,"44.044306,-79.48325",44.044306,-79.48325,"Aurora,CO",11/7/2022 20:00,17,na,72,2.8,12.8,na,17
108,"41.095938,-80.658467",41.095938,-80.658467,"Youngstown,OH",10/14/2021 12:00,48,na,68,na,na,na,48
109,"35.041401,-78.953102",35.041401,-78.953102,"Fayetteville,AR",11/7/2022 21:00,5,na,78,na,na,2,5
110,"33.83061,-117.9385",33.83061,-117.9385,"Anaheim,CA",11/7/2022 18:00,0,4.5,94,12.3,0.1,1,3
111,"34.51096,-117.32555",34.51096,-117.32555,"Victorville,CA",11/7/2022 18:00,19,na,75.5,3.8,19.2,9,9
112,"36.1092,-79.8011",36.1092,-79.8011,"Greensboro,NC",11/7/2022 20:00,11,na,87.5,na,na,11,9
113,"27.8118142,-97.4657005",27.8118142,-97.4657005,"Corpus Christi,TX",11/7/2022 19:00,19,na,97,na,na,na,19
114,"41.094965,-85.101816",41.094965,-85.101816,"Fort Wayne,IN",9/30/2021 8:00,27,na,47,na,15.2,na,27
115,"43.0125274,-83.6874562",43.0125274,-83.6874562,"Flint,MI",11/7/2022 21:00,34,na,64,na,0.8,na,34
116,"32.329111,-90.182722",32.329111,-90.182722,"Jackson,MS",11/7/2022 20:00,45,1.2,84.5,na,14.5,17,45
117,"14.307201385498,121.11041259766",14.30720139,121.1104126,"Santa Rosa,CA",10/6/2022 10:00,8,na,67,10.6,8.2,na,na
118,"42.76138,-84.562867",42.76138,-84.562867,"Lansing,MI",11/5/2022 2:00,52,na,55,1,32.8,na,52
119,"18.428388,-66.141657",18.428388,-66.141657,"San Juan,PR",11/7/2022 21:00,-,na,92.2,na,na,na,43
120,"38.065,-84.5",38.065,-84.5,"Lexington,KY",11/7/2022 21:00,16,na,35,na,na,na,16
121,"36.0487,-115.05294",36.0487,-115.05294,"Henderson,NV",5/18/2021 5:00,24,0.1,25.7,8.1,15.5,24,24
122,"34.6917,-86.591698",34.6917,-86.591698,"Huntsville,AL",11/7/2022 20:00,35,na,93,na,na,na,35
123,"30.7697,-88.0875",30.7697,-88.0875,"Mobile,AL",11/7/2022 20:00,29,na,69.2,na,na,na,29
124,"40.571281,-105.079974",40.571281,-105.079974,"Fort Collins,CO",11/7/2022 19:00,50,1.9,66,na,8,32,50
125,"35.6075,-82.5833",35.6075,-82.5833,"Asheville,NC",11/7/2022 21:00,13,na,86.5,na,na,na,13
126,"34.38337,-118.52839",34.38337,-118.52839,"Santa Clarita,CA",11/7/2022 18:00,22,0.1,91,4.6,21.6,na,14
127,"44.9594,-93.0356",44.9594,-93.0356,"St. Paul,MN",11/7/2022 20:00,21,na,60,na,na,na,21
128,"38.0112,-121.813",38.0112,-121.813,"Antioch,CA",11/5/2020 11:00,27,na,42.2,na,na,na,27
129,"28.028888888889,-81.972222222222",28.02888889,-81.97222222,"Lakeland,FL",11/7/2022 20:00,24,2.5,89.4,1,13,20,24
130,"40.28308,-74.74264",40.28308,-74.74264,"Trenton,NJ",11/7/2022 21:00,35,na,35,0.1,27.2,na,35
131,"40.812558,-96.675733",40.812558,-96.675733,"Lincoln,NE",11/7/2022 20:00,9,na,39.6,na,na,na,9
132,"61.1744921,-149.8344237",61.1744921,-149.8344237,"Anchorage,AK",11/7/2022 15:00,16,na,69.6,na,na,16,na
133,"55.614578,-4.666786",55.614578,-4.666786,"Irvine,CA",11/8/2022 0:00,6,na,86,0.9,na,6,23
134,"41.530011,-90.587611",41.530011,-90.587611,"Davenport,IA",11/7/2022 19:00,36,0.1,69.5,na,19.2,36,32
135,"42.267002,-89.08917",42.267002,-89.08917,"Rockford,IL",11/7/2022 20:00,37,na,52,na,na,na,37
136,"40.72102,-74.1928",40.72102,-74.1928,"Newark,NJ",9/26/2022 6:00,26,1.2,92.5,15.8,6.4,na,26
137,"41.6967,-86.2147",41.6967,-86.2147,"South Bend,IN",11/7/2022 21:00,35,na,82.5,1.1,18.4,na,35
138,"32.53626,-93.74891",32.53626,-93.74891,"Shreveport,LA",11/7/2022 20:00,55,na,83,na,6.4,15,55
139,"32.090457,-81.130378",32.090457,-81.130378,"Savannah,GA",11/7/2022 20:00,39,na,77,na,na,23,39
140,"44.0263,-123.08377",44.0263,-123.08377,"Eugene,OR",11/7/2022 18:00,9,na,80,na,na,na,9
141,"40.800797,-81.372853",40.800797,-81.372853,"Canton,OH",11/7/2022 21:00,26,na,52,na,na,na,26
142,"33.58553,-101.78698",33.58553,-101.78698,"Lubbock,TX",11/7/2022 19:00,7,na,73.6,na,na,na,7
143,"51.4529847075166,-0.944461432664066",51.45298471,-0.944461433,"Reading,PA",11/7/2022 23:00,24,na,90.6,5.3,23.6,11,9
144,"44.943114,-123.005934",44.943114,-123.005934,"Salem,OR",11/7/2022 18:00,7,na,99,na,na,na,7
145,"27.785833333333,-82.74",27.78583333,-82.74,"St. Petersburg,FL",9/27/2022 6:00,7,na,95,2.8,6.5,18,39
146,"30.2175,-92.051389",30.2175,-92.051389,"Lafayette,LA",11/7/2022 20:00,36,na,88,na,6.4,11,36
147,"-41.162,147.515",-41.162,147.515,"Scottsdale,AZ",11/8/2022 12:00,5,na,43,na,na,3,5
148,"30.439722222222,-84.346388888889",30.43972222,-84.34638889,"Tallahassee,FL",11/7/2022 20:00,45,1,60,na,10.2,na,45
149,"33.569166666667,-112.19138888889",33.56916667,-112.1913889,"Peoria,IL",11/7/2022 19:00,22,12.3,25,36.2,22.4,18,18
150,"39.7394,-75.5581",39.7394,-75.5581,"Wilmington,NC",11/7/2022 21:00,36,3.4,54,na,18.4,na,36
151,"32.4069,-86.2564",32.4069,-86.2564,"Montgomery,AL",11/7/2022 20:00,25,na,80,na,na,na,25
152,"46.21835,-119.20152",46.21835,-119.20152,"Kennewick,WA",11/7/2022 20:00,8,na,97,na,na,8,5
153,"36.33252,-119.29095",36.33252,-119.29095,"Visalia,CA",12/15/2021 9:00,30,na,79,6.5,15.2,7,30
154,"36.1397,-115.17565",36.1397,-115.17565,"Paradise,NV",5/18/2021 5:00,40,0.1,32.5,6.3,11.8,33,40
155,"53.951889,-1.075861",53.951889,-1.075861,"York,PA",11/8/2022 2:00,17,3.2,79.2,1.9,21,12,17
156,"38.0133,-87.5772",38.0133,-87.5772,"Evansville,IN",11/7/2022 20:00,23,na,37,3.8,23.3,22,22
157,"25.8925176,-97.4938295",25.8925176,-97.4938295,"Brownsville,TX",na,-,na,94,na,na,na,na
158,"30.39,-89.0497",30.39,-89.0497,"Gulfport,MS",11/7/2022 20:00,40,na,94,na,na,na,40
159,"44.30738,-88.39509",44.30738,-88.39509,"Appleton,WI",11/7/2022 20:00,25,na,65.6,na,18.1,na,25
160,"47.592675,-122.62739",47.592675,-122.62739,"Bremerton,WA",11/7/2022 20:00,25,na,98,na,na,na,25
161,"35.73,-81.37",35.73,-81.37,"Hickory,NC",11/7/2022 21:00,38,na,93,na,na,na,38
162,"47.22634,-122.46256",47.22634,-122.46256,"Tacoma,WA",11/7/2022 20:00,21,na,96,25.8,na,na,21
163,"19.409853333333,-98.150011111111",19.40985333,-98.15001111,"San Bernardino,CA",11/7/2022 20:00,60,3.5,48,9.7,19.5,24,60
164,"42.2917069,-85.5872286",42.2917069,-85.5872286,"Kalamazoo,MI",11/7/2022 21:00,51,na,69,na,na,na,51
165,"34.21014,-118.8705",34.21014,-118.8705,"Thousand Oaks,CA",11/7/2022 18:00,26,na,86,na,26.4,na,17
166,"37.28342,-79.88452",37.28342,-79.88452,"Roanoke,VA",11/7/2022 21:00,17,0.1,40.5,1.2,15.5,na,17
167,"46.933601,-96.854698",46.933601,-96.854698,"Fargo,ND",11/7/2022 19:00,35,na,59,6.8,9.6,na,35
168,"44.50729,-87.99344",44.50729,-87.99344,"Green Bay,WI",11/7/2022 20:00,10,na,63,na,18.1,na,10
169,"36.10638,-115.25333",36.10638,-115.25333,"Spring Valley,NV",5/18/2021 5:00,23,0.1,28.7,6.3,9,19,23
170,"34.42775,-119.69091",34.42775,-119.69091,"Santa Barbara,CA",11/7/2022 18:00,34,na,33,na,17.6,6,34
171,"29.566111111111,-82.266111111111",29.56611111,-82.26611111,"Gainesville,FL",11/7/2022 20:00,22,na,61,na,11.4,na,22
172,"47.029396,-122.821548",47.029396,-122.821548,"Olympia,WA",11/7/2022 20:00,9,na,96,na,20,na,9
173,"52.614193,1.301976",52.614193,1.301976,"Norwich,CT",11/8/2022 2:00,30,na,92,1.1,28,12,30
174,"33.411111111111,-111.93472222222",33.41111111,-111.9347222,"Tempe,AZ",11/7/2022 19:00,51,na,39.5,na,1.6,51,50
175,"36.14187,-115.07874",36.14187,-115.07874,"Sunrise Manor,NV",5/18/2021 5:00,21,0.1,30,8.1,13,19,21
176,"36.69426,-121.62327",36.69426,-121.62327,"Salinas,CA",11/7/2022 18:00,27,1.2,58,2.8,27.2,na,9
177,"41.5503,-73.0442",41.5503,-73.0442,"Waterbury,CT",11/7/2022 21:00,19,na,10,na,na,na,19
178,"36.5144,-87.3278",36.5144,-87.3278,"Clarksville,TN",11/7/2022 20:00,13,na,53,na,na,na,13
179,"41.9767,-91.6878",41.9767,-91.6878,"Cedar Rapids,IA",11/7/2022 19:00,23,na,64,na,na,na,23
180,"43.54792,-96.700768",43.54792,-96.700768,"Sioux Falls,SD",3/9/2021 11:00,37,na,41,na,36.8,na,na
181,"34.10367,-117.62906",34.10367,-117.62906,"Ontario,CA",11/7/2022 18:00,24,1.6,84,6.5,0.1,4,24
182,"39.565601,-77.721901",39.565601,-77.721901,"Hagerstown,MD",11/7/2022 12:00,-,na,35,na,20.8,na,9
183,"42.1428,-80.0372",42.1428,-80.0372,"Erie,PA",11/7/2022 20:00,28,4.5,64,1,24.1,26,28
184,"49.26029,-123.077811",49.26029,-123.077811,"Vancouver,WA",11/7/2022 17:00,22,0.1,66,5.6,7.6,na,22
185,"43.58031,-116.562676",43.58031,-116.562676,"Nampa,ID",11/7/2022 19:00,18,2.4,57.5,17.6,55.8,18,17
186,"34.955601,-81.924797",34.955601,-81.924797,"Spartanburg,SC",11/7/2022 21:00,45,na,94,na,na,na,45
187,"41.463071,-82.114261",41.463071,-82.114261,"Lorain,OH",9/27/2021 12:00,28,na,49,na,na,na,28
188,"37.10373,-76.38701",37.10373,-76.38701,"Newport News,VA",11/7/2022 21:00,30,0.1,82,1.7,11.4,13,30
189,"36.98401,-121.99097",36.98401,-121.99097,"Santa Cruz,CA",11/7/2022 18:00,18,na,89.5,na,17.6,na,9
190,"41.4014,-73.4447",41.4014,-73.4447,"Danbury,CT",11/7/2022 21:00,14,na,33,na,na,10,14
191,"33.21701,-117.39616",33.21701,-117.39616,"Oceanside,CA",11/7/2022 18:00,21,na,90,500,20.8,6,9
192,"26.053888888889,-80.256944444444",26.05388889,-80.25694444,"Pembroke Pines,FL",11/7/2022 21:00,35,1.9,88,8.3,11,19,35
193,"38.10251,-122.238",38.10251,-122.238,"Vallejo,CA",11/3/2022 20:00,38,5.6,72,23.6,3.2,na,38
194,"42.33155,-122.880266",42.33155,-122.880266,"Medford,OR",11/7/2022 0:00,-,na,87,na,na,na,9
195,"35.8652,-78.8197",35.8652,-78.8197,"Cary,NC",11/7/2022 21:00,25,3.4,82,6.9,na,na,25
196,"48.054315,-122.171529",48.054315,-122.171529,"Marysville,WA",11/7/2022 20:00,50,na,97,na,na,na,50
197,"40.72698,-73.89312",40.72698,-73.89312,"Corona,CA",11/7/2022 21:00,13,na,17.3,na,na,na,13
198,"29.171388888889,-82.094722222222",29.17138889,-82.09472222,"Ocala,FL",11/7/2022 20:00,20,na,74,na,12.6,na,20
199,"53.48152,-2.237881",53.48152,-2.237881,"Manchester,NH",11/8/2022 2:00,27,na,85,3.1,26.7,11,25
200,"39.7143,-105.1239",39.7143,-105.1239,"Lakewood,CO",11/4/2022 14:00,13,na,30,na,na,na,13
201,"30.262347,-93.284906",30.262347,-93.284906,"Lake Charles,LA",11/7/2022 20:00,36,na,94,4.8,15,16,36
202,"46.4846547,30.6964293",46.4846547,30.6964293,"Odessa,TX",3/6/2020 21:00,90,na,99.9,na,na,54,90
203,"32.6056,-83.597907",32.6056,-83.597907,"Warner Robins,GA",11/7/2022 20:00,39,na,82,na,na,16,39
204,"34.18198,-118.36304",34.18198,-118.36304,"Hollywood,FL",11/7/2022 18:00,21,na,93,2,20.8,na,4
205,"29.9229186,-93.9090282",29.9229186,-93.9090282,"Port Arthur,TX",11/7/2022 17:00,30,na,83,na,na,na,30
206,"32.805408,-83.543521",32.805408,-83.543521,"Macon,GA",3/10/2022 13:00,43,na,59,na,27.2,na,43
207,"29.7679707,-95.2205867",29.7679707,-95.2205867,"Pasadena,TX",11/7/2022 21:00,8,na,1,14.2,8,na,23
208,"41.7714,-88.1522",41.7714,-88.1522,"Naperville,IL",11/7/2022 20:00,56,na,69,na,na,na,56
209,"47.600863,-122.148397",47.600863,-122.148397,"Bellevue,WA",11/7/2022 20:00,6,na,89,na,na,na,6
210,"41.656944,-85.96833",41.656944,-85.96833,"Elkhart,IN",11/7/2022 21:00,25,na,79,na,na,na,25
211,"39.0242,-95.7114",39.0242,-95.7114,"Topeka,KS",11/7/2022 20:00,23,na,41,na,16.8,18,23
212,"41.526885,-88.116474",41.526885,-88.116474,"Joliet,IL",11/7/2022 20:00,52,na,59.3,na,na,na,52
213,"30.06717,-94.09093",30.06717,-94.09093,"Beaumont,TX",na,-,na,92.1,na,na,na,na
214,"37.28177,-120.43368",37.28177,-120.43368,"Merced,CA",11/7/2022 18:00,30,na,76,4.9,21.6,na,30
215,"32.690277,-114.614441",32.690277,-114.614441,"Yuma,AZ",11/7/2022 18:00,17,na,21,na,10.6,22,17
216,"37.988028,23.727628",37.988028,23.727628,"Athens,GA",11/8/2022 3:00,76,na,93,18.8,na,34,76
217,"38.74643,-121.26498",38.74643,-121.26498,"Roseville,CA",11/7/2022 18:00,24,na,85.5,5.8,24.1,8,21
218,"39.838199,-104.94984",39.838199,-104.94984,"Thornton,CO",11/7/2022 19:00,54,5.1,51,15.6,0.5,54,68
219,"38.8386,-94.7464",38.8386,-94.7464,"Olathe,KS",11/7/2022 20:00,22,na,32,na,21.6,15,17
220,"34.94287,-120.43561",34.94287,-120.43561,"Santa Maria,CA",2/22/2021 9:00,-,na,48,na,16.8,20,9
221,"39.063798,-108.561173",39.063798,-108.561173,"Grand Junction,CO",11/7/2022 20:00,9,1,29,na,na,4,9
222,"40.414877,-104.70693",40.414877,-104.70693,"Greeley,CO",11/7/2022 20:00,38,na,60,na,9,18,38
223,"32.310332,-106.751211",32.310332,-106.751211,"Las Cruces,NM",11/7/2022 18:00,30,na,29.5,26.9,6,29,30
224,"30.130555555556,-85.731388888889",30.13055556,-85.73138889,"Panama City,FL",11/7/2022 19:00,39,na,83,na,10.6,na,39
225,"41.23172,-80.80116",41.23172,-80.80116,"Warren,MI",11/7/2022 12:00,9,na,46.6,na,na,na,9
226,"39.159372,-86.504747",39.159372,-86.504747,"Bloomington,IL",11/7/2022 20:00,25,na,28,na,na,na,25
227,"46.59495,-120.51228",46.59495,-120.51228,"Yakima,WA",11/7/2022 20:00,34,na,74,na,na,23,34
228,"47.38614,-122.23195",47.38614,-122.23195,"Kent,WA",11/7/2022 20:00,42,na,89.5,na,na,na,42
229,"43.315111,-79.802639",43.315111,-79.802639,"Burlington,NC",11/7/2022 21:00,17,na,62,13,8,na,17
230,"48.760036,-122.456463",48.760036,-122.456463,"Bellingham,WA",11/7/2022 20:00,25,na,57,na,na,na,25
231,"40.64144,-74.20836",40.64144,-74.20836,"Elizabeth,NJ",11/7/2022 21:00,45,2.3,21.3,11.2,1,na,45
232,"42.50472,-87.8093",42.50472,-87.8093,"Kenosha,WI",11/7/2022 21:00,25,2.3,75,6.3,na,12,25
233,"40.012969,-105.267212",40.012969,-105.267212,"Boulder,CO",11/7/2022 18:00,31,1.9,58,9.2,14,31,30
234,"37.8148,-122.28236",37.8148,-122.28236,"Berkeley,CA",11/7/2022 18:00,27,2.3,69.5,3.8,27.2,na,9
235,"40.55013,-122.38092",40.55013,-122.38092,"Redding,CA",11/7/2022 18:00,27,na,80.2,na,27.2,na,5
236,"45.806357,-108.426551",45.806357,-108.426551,"Billings,MT",11/7/2022 19:00,33,na,68,na,na,na,33
237,"39.13876,-121.61872",39.13876,-121.61872,"Yuba City,CA",11/7/2022 18:00,17,na,90,4.7,16.8,3,15
238,"36.5408,-82.5217",36.5408,-82.5217,"Kingsport,TN",11/7/2022 21:00,38,na,60.6,na,na,na,38
239,"46.8183,-92.0892",46.8183,-92.0892,"Duluth,MN",11/7/2022 20:00,18,na,69.6,na,17.6,na,12
240,"36.99958,-121.57466",36.99958,-121.57466,"Gilroy,CA",11/7/2022 18:00,28,na,85,na,28.1,na,21
241,"52.199575,0.12774",52.199575,0.12774,"Cambridge,MA",5/13/2022 9:00,30,na,61.7,5.1,25,11,30
242,"41.658195,-91.503471",41.658195,-91.503471,"Iowa City,IA",11/7/2022 19:00,31,na,59,na,na,na,31
243,"39.76168,-121.84047",39.76168,-121.84047,"Chico,CA",11/7/2022 18:00,26,2.3,92,2.9,26.4,3,21
244,"44.76249,-91.41445",44.76249,-91.41445,"Clearwater,FL",11/7/2022 21:00,19,na,68.5,na,na,10,19
245,"39.047911,-94.450513",39.047911,-94.450513,"Independence,MO",11/7/2022 20:00,10,2.3,36.7,10,na,na,10
246,"40.662774119801,-111.90180620685",40.66277412,-111.9018062,"West Jordan,UT",11/7/2022 18:00,41,0.7,74.6,19.5,16.8,na,41
247,"27.965555555556,-82.230277777778",27.96555556,-82.23027778,"Brandon,FL",11/7/2022 20:00,31,2.5,83.8,1,12.2,31,18
248,"-33.673752071375,-70.953064737434",-33.67375207,-70.95306474,"El Monte,CA",8/20/2021 17:00,67,na,68,na,na,33,67
249,"45.55,-94.1333",45.55,-94.1333,"St. Cloud,MN",11/7/2022 20:00,17,na,69,na,24.1,na,17
250,"36.81931,-119.71639",36.81931,-119.71639,"Clovis,CA",11/7/2022 18:00,21,2.3,87,5.1,20.8,3,1
251,"43.600699,-116.347853",43.600699,-116.347853,"Meridian,ID",11/7/2022 19:00,19,3.4,61,21,11.2,53,19
252,"18.0110768,-66.6140616",18.0110768,-66.6140616,"Ponce,PR",na,-,na,91,na,na,na,na
253,"39.77946,-105.005124",39.77946,-105.005124,"Westminster,CO",11/7/2022 20:00,53,5.4,56,15.1,0.9,40,53
254,"32.509789,-92.04605",32.509789,-92.04605,"Monroe,LA",11/4/2022 8:00,20,na,93,na,20,na,na
255,"43.098908,-75.22507",43.098908,-75.22507,"Utica,NY",11/7/2022 21:00,33,na,64.5,na,na,na,33
256,"43.443833,-80.503806",43.443833,-80.503806,"Waterloo,IA",11/7/2022 21:00,14,na,65,3.8,13.6,na,9
257,"33.859444,-118.200278",33.859444,-118.200278,"Downey,CA",11/7/2022 18:00,26,na,89.6,25.2,na,na,26
258,"42.626748,-71.3617",42.626748,-71.3617,"Lowell,MA",1/3/2019 4:00,2,2,86.2,1.9,26.4,na,13
259,"44.063916,-121.312554",44.063916,-121.312554,"Bend,OR",11/7/2022 18:00,23,na,88,na,na,na,23
260,"45.528501,-122.972398",45.528501,-122.972398,"Hillsboro,OR",11/7/2022 18:00,20,na,99,na,na,na,20
261,"29.5830473,-95.0155437",29.5830473,-95.0155437,"League City,TX",11/7/2022 19:00,23,na,92.7,2,na,na,23
262,"37.48822,-120.83592",37.48822,-120.83592,"Turlock,CA",11/7/2022 18:00,25,na,54,4.7,24.8,9,9
263,"48.847911110984,10.096291667091",48.84791111,10.09629167,"Allen,TX",11/8/2022 3:00,29,na,93,6.9,11.4,13,29
264,"37.79338,-121.24779",37.79338,-121.24779,"Manteca,CA",11/7/2022 18:00,10,na,86,na,na,10,9
265,"38.61374,-121.36801",38.61374,-121.36801,"Arden-Arcade,CA",11/7/2022 18:00,25,na,73.5,3.8,0.1,na,25
266,"32.789561,-116.944222",32.789561,-116.944222,"El Cajon,CA",11/7/2022 18:00,18,2,87.6,na,18.4,4,8
267,"40.164576,-105.100856",40.164576,-105.100856,"Longmont,CO",11/7/2022 20:00,42,5.1,73,15.6,14,29,42
268,"47.498535,-122.278385",47.498535,-122.278385,"Renton,WA",11/7/2022 18:00,30,na,82,na,na,na,30
269,"41.731201,-111.837502",41.731201,-111.837502,"Logan,UT",11/7/2022 19:00,19,1.6,32,13,19.2,na,15
270,"38.35655,-121.94986",38.35655,-121.94986,"Vacaville,CA",11/7/2022 18:00,26,na,85.8,na,26.4,na,25
271,"55.945589,-3.182186",55.945589,-3.182186,"Edinburg,TX",11/8/2022 0:00,26,6,81.5,1.2,25.7,8,21
272,"47.663962,-117.25765",47.663962,-117.25765,"Spokane Valley,WA",11/7/2022 20:00,59,na,88,na,na,34,59
273,"43.7775,-91.2269",43.7775,-91.2269,"La Crosse,WI",11/7/2022 21:00,23,na,64,na,na,na,23
274,"43.464717,-112.046535",43.464717,-112.046535,"Idaho Falls,ID",11/7/2022 19:00,5,na,88,na,na,na,5
275,"42.7875235,-86.1089301",42.7875235,-86.1089301,"Holland,MI",11/7/2022 21:00,30,na,74,na,8.8,na,30
276,"38.07657,-78.50397",38.07657,-78.50397,"Charlottesville,VA",11/7/2022 21:00,30,na,45,na,17.9,na,30
277,"46.139443,-122.961944",46.139443,-122.961944,"Longview,TX",11/7/2022 20:00,10,na,90,na,na,na,10
278,"37.68268,-121.44238",37.68268,-121.44238,"Tracy,CA",11/7/2022 18:00,26,na,57,1.9,26.4,6,9
279,"45.470191,-122.816411",45.470191,-122.816411,"Beaverton,OR",11/7/2022 18:00,10,na,95,na,na,na,10
280,"42.77077,-71.102259",42.77077,-71.102259,"Lawrence,KS",11/7/2022 21:00,34,2.3,38,1.1,28.9,na,34
281,"46.8253,-100.7681",46.8253,-100.7681,"Bismarck,ND",11/7/2022 19:00,49,1.2,67,2,16.8,22,49
282,"40.33950492678,-111.71347993778",40.33950493,-111.7134799,"Orem,UT",11/7/2022 19:00,34,4,48,14.9,11.2,34,31
283,"39.472436,-84.394952",39.472436,-84.394952,"Middletown,OH",11/6/2022 13:00,-,na,33,na,na,na,na
284,"13.70630556,-89.20011667",13.70630556,-89.20011667,"San Marcos,CA",11/7/2022 20:00,46,na,96.2,na,na,na,46
285,"40.597988305117,-111.89417474947",40.59798831,-111.8941747,"Sandy,UT",11/7/2022 18:00,27,0.7,42.5,4.7,25.6,na,27
286,"47.2656,-122.385",47.2656,-122.385,"Federal Way,WA",11/7/2022 20:00,9,na,94.3,na,na,na,9
287,"42.065119,-71.012686",42.065119,-71.012686,"Brockton,MA",11/7/2022 21:00,32,2.3,29.2,1,32,na,25
288,"27.864166666667,-82.384166666667",27.86416667,-82.38416667,"Riverview,FL",11/7/2022 20:00,46,2.5,79,1,13,19,46
289,"39.960884,-85.939546",39.960884,-85.939546,"Fishers,IN",11/7/2022 21:00,34,na,49,na,na,na,34
290,"42.325184,-71.05608",42.325184,-71.05608,"Quincy,MA",11/7/2022 21:00,30,3.4,33,6.5,30.4,na,17
291,"50.82881,-1.068583",50.82881,-1.068583,"Portsmouth,VA",11/8/2022 2:00,42,na,83,1,28.7,na,42
292,"34.030833,-117.61722",34.030833,-117.61722,"Chino,CA",11/7/2022 18:00,17,na,93,20.4,na,na,17
293,"42.474671,-70.971358",42.474671,-70.971358,"Lynn,MA",11/7/2022 21:00,32,2.3,35.5,1.1,32,na,13
294,"35.612801,-97.472198",35.612801,-97.472198,"Edmond,OK",11/7/2022 20:00,50,4.5,82.5,5.6,16,22,50
295,"36.31572,-119.64323",36.31572,-119.64323,"Hanford,CA",11/7/2022 18:00,21,na,87,6.5,20.8,8,13
296,"42.3222599,-83.1763145",42.3222599,-83.1763145,"Dearborn,MI",11/7/2022 21:00,39,na,48.6,na,na,na,39
297,"39.42227,-75.0252",39.42227,-75.0252,"Vineland,NJ",11/7/2022 21:00,15,na,76,26,9.6,na,15
298,"43.770585907976,11.271415330415",43.77058591,11.27141533,"Florence,SC",11/6/2022 23:00,42,0.1,98,34.8,na,20,42
299,"34.632999,-98.428802",34.632999,-98.428802,"Lawton,OK",11/7/2022 20:00,49,na,100,na,12.1,21,49
300,"46.842297,-114.020549",46.842297,-114.020549,"Missoula,MT",11/7/2022 19:00,18,na,76.2,na,17.6,10,4
301,"44.087397,-103.273777",44.087397,-103.273777,"Rapid City,SD",11/7/2022 14:00,108,na,26,na,na,108,38
302,"39.4861,-87.4014",39.4861,-87.4014,"Terre Haute,IN",11/7/2022 20:00,21,na,44,na,19.2,na,21
303,"39.0217,-84.4744",39.0217,-84.4744,"Mount Pleasant,SC",11/7/2022 21:00,24,na,33,na,1.6,na,24
304,"30.3503017,-95.4251278",30.3503017,-95.4251278,"Conroe,TX",11/7/2022 21:00,18,na,88,0.8,18.4,na,50
305,"37.6875,-121.7842",37.6875,-121.7842,"Livermore,CA",11/7/2022 18:00,26,na,62,2.3,25.6,na,9
306,"35.151588,-89.85022",35.151588,-89.85022,"Germantown,MD",11/7/2022 20:00,53,na,93,na,12.8,na,53
307,"41.683279,-71.169171",41.683279,-71.169171,"Fall River,MA",11/7/2022 21:00,31,0.1,37,3.8,31.2,na,13
308,"37.74306,-122.16994",37.74306,-122.16994,"San Leandro,CA",11/7/2022 18:00,27,2.5,77.4,3.8,27.2,na,17
309,"40.8114,-77.8769",40.8114,-77.8769,"State College,PA",11/7/2022 20:00,32,na,32,1,32,na,12
310,"39.8669,-88.9256",39.8669,-88.9256,"Decatur,IL",11/7/2022 20:00,32,na,65,na,14.5,na,32
311,"41.578603,-87.557392",41.578603,-87.557392,"Dalton,GA",11/7/2022 20:00,30,na,70,na,na,na,30
312,"41.864329,-87.748826",41.864329,-87.748826,"Hawthorne,CA",11/7/2022 20:00,26,na,69,na,na,na,26
313,"40.125557,-85.652222",40.125557,-85.652222,"Anderson,IN",11/7/2022 21:00,36,na,36,na,20,na,36
314,"37.48293,-122.20348",37.48293,-122.20348,"Redwood City,CA",11/7/2022 18:00,28,1.7,76,1.9,28.1,na,5
315,"36.95326,-120.03419",36.95326,-120.03419,"Madera,CA",11/7/2022 18:00,20,na,87,na,20,5,9
316,"33.483611111111,-112.1425",33.48361111,-112.1425,"Alhambra,CA",11/7/2022 19:00,39,12.3,51.5,36.2,17.6,39,28
317,"-37.8073959,144.97",-37.8073959,144.97,"Melbourne,FL",11/8/2022 13:00,49,0.7,41.9,3.8,14.5,11,49
318,"42.9708634,-82.4249142",42.9708634,-82.4249142,"Port Huron,MI",11/7/2022 21:00,27,na,64,na,na,na,27
319,"37.70122,-121.90302",37.70122,-121.90302,"Pleasanton,CA",11/7/2022 18:00,9,2.9,73,2.8,na,na,9
320,"30.0584604,-95.1897514",30.0584604,-95.1897514,"Atascocita,TX",10/30/2016 0:00,-,na,92.3,na,11.2,na,na
321,"41.807523,-71.41392",41.807523,-71.41392,"Cranston,RI",11/7/2022 21:00,5,na,28.5,na,na,na,5
322,"38.68329,-121.16444",38.68329,-121.16444,"Folsom,CA",11/7/2022 18:00,26,na,71,3.8,25.6,na,na
323,"36.1797,-94.1167",36.1797,-94.1167,"Springdale,AR",11/7/2022 20:00,36,na,69.5,na,22.4,na,36
324,"52.294884,-1.542911",52.294884,-1.542911,"Warwick,RI",11/8/2022 2:00,35,na,89,0.5,35,10,25
325,"45.013611,-93.272049",45.013611,-93.272049,"Brooklyn Park,MN",11/7/2022 20:00,8,na,64,na,na,8,na
326,"31.322779,-89.287498",31.322779,-89.287498,"Hattiesburg,MS",11/7/2022 20:00,47,na,81,na,na,na,47
327,"50.37167,-4.142361",50.37167,-4.142361,"Plymouth,MN",11/8/2022 2:00,57,na,97.2,1.4,34.3,31,57
328,"5.384388,100.3896169",5.384388,100.3896169,"Georgetown,TX",11/8/2022 10:00,41,na,78,na,na,na,na
329,"41.18222,-104.778336",41.18222,-104.778336,"Cheyenne,WY",11/7/2022 19:00,110,1.2,75,5.6,20.8,110,50
330,"30.4831681,-97.8723005",30.4831681,-97.8723005,"Cedar Park,TX",11/7/2022 20:00,9,na,89.3,na,8.8,na,na
331,"40.481349,-86.109718",40.481349,-86.109718,"Kokomo,IN",11/7/2022 20:00,27,na,59.5,na,21.6,na,27
332,"39.741667,-94.858333",39.741667,-94.858333,"St. Joseph,MO",11/7/2022 20:00,26,na,36,na,na,26,5
333,"26.593888888889,-80.058611111111",26.59388889,-80.05861111,"Boynton Beach,FL",11/7/2022 20:00,40,na,73,na,15.1,23,40
334,"28.090277777778,-82.700833333333",28.09027778,-82.70083333,"Jonesboro,AR",11/7/2022 20:00,30,2.5,83,1,13.9,na,30
335,"40.33733,-76.383446",40.33733,-76.383446,"Lebanon,PA",11/7/2022 21:00,30,na,33,8.4,29.6,7,12
336,"44.792419,10.330985",44.792419,10.330985,"Parma,OH",11/6/2022 23:00,50,na,55.6,19.2,11.8,18,50
337,"37.7064,-85.8517",37.7064,-85.8517,"Elizabethtown,KY",11/7/2022 21:00,21,na,33,na,21.6,na,21
338,"33.436111,-94.07778",33.436111,-94.07778,"Texarkana,TX",11/7/2022 19:00,30,na,90,na,na,na,30
339,"36.03179,-119.05505",36.03179,-119.05505,"Porterville,CA",11/7/2022 18:00,24,na,87,na,24.1,na,9
340,"29.7706975,-95.0312316",29.7706975,-95.0312316,"Baytown,TX",11/7/2022 19:00,33,na,91.8,na,na,na,33
341,"38.53455,-121.7734",38.53455,-121.7734,"Davis,CA",11/7/2022 18:00,23,na,71,3,23.3,na,5
342,"40.6281,-75.3411",40.6281,-75.3411,"Bethlehem,PA",11/7/2022 21:00,14,na,34,2.8,25.6,8,14
343,"41.594427,-87.495044",41.594427,-87.495044,"Hammond,IN",11/7/2022 20:00,28,na,70,na,na,na,28
344,"42.0603,-87.8631",42.0603,-87.8631,"Wheeling,WV",11/7/2022 20:00,23,na,68,na,17.6,na,23
345,"41.6067,-87.3047",41.6067,-87.3047,"Gary,IN",11/7/2022 19:00,15,na,75,6.2,35.2,5,15
346,"40.515,-78.3889",40.515,-78.3889,"Altoona,PA",11/7/2022 21:00,13,na,42,na,32,na,13
347,"45.30278678,9.49528589",45.30278678,9.49528589,"Lodi,CA",11/5/2022 23:00,61,na,88,22.4,19.1,16,61
348,"36.16396,-115.11393",36.16396,-115.11393,"Winchester,VA",5/18/2021 5:00,33,0.1,30,7.7,7.4,33,26
349,"37.7808,-87.0756",37.7808,-87.0756,"Owensboro,KY",11/7/2022 20:00,21,na,29,na,11.2,na,21
350,"39.1175,-94.6356",39.1175,-94.6356,"Evanston,IL",11/7/2022 20:00,19,na,32,na,19.2,18,18
351,"44.7383,-93.2372",44.7383,-93.2372,"Apple Valley,CA",11/7/2022 20:00,22,na,70.5,na,na,na,22
352,"42.87667,-112.45972",42.87667,-112.45972,"Pocatello,ID",11/7/2022 19:00,21,na,92.5,na,na,3,21
353,"38.011,-121.8187",38.011,-121.8187,"Pittsburg,CA",8/27/2020 15:00,-,na,-,na,na,na,-
354,"29.206666666667,-81.0525",29.20666667,-81.0525,"New Britain,CT",11/7/2022 20:00,35,na,49.5,na,15.5,23,35
355,"38.47753,-78.81952",38.47753,-78.81952,"Harrisonburg,VA",11/7/2022 21:00,11,na,72,15.2,2.1,na,11
356,"47.43061,-120.34195",47.43061,-120.34195,"Wenatchee,WA",11/7/2022 20:00,18,na,83.6,na,na,na,18
357,"43.02012,-88.21505",43.02012,-88.21505,"Waukesha,WI",11/7/2022 21:00,42,2.3,74,6.3,21.3,17,42
358,"41.840302,-71.361702",41.840302,-71.361702,"Pawtucket,RI",11/7/2022 21:00,33,1.2,28.5,1.8,32.8,na,9
359,"39.114399,-77.106903",39.114399,-77.106903,"Redlands,CA",11/7/2022 21:00,25,na,29.2,na,5.6,na,25
360,"26.073055555556,-80.338888888889",26.07305556,-80.33888889,"Weston,FL",11/7/2022 21:00,39,1.4,88,8.3,11,18,39
361,"34.17599,-118.31701",34.17599,-118.31701,"Sherman,TX",8/24/2020 20:00,53,3.3,70,8.4,19.2,15,53
362,"51.462839,-2.584482",51.462839,-2.584482,"Bristol,TN",11/8/2022 2:00,29,0.3,90.5,21.1,28.7,14,21
363,"32.2953,-110.9822",32.2953,-110.9822,"Casas Adobes,AZ",11/7/2022 19:00,21,na,24.5,na,13.5,na,21
364,"25.471944444444,-80.482777777778",25.47194444,-80.48277778,"Homestead,FL",11/7/2022 20:00,38,na,91,na,10,18,38
365,"33.67653,-117.33104",33.67653,-117.33104,"Lake Elsinore,CA",11/7/2022 18:00,19,1.2,92,1.3,19.2,3,1
366,"-12.07053,-77.04317",-12.07053,-77.04317,"Lima,OH",11/7/2022 22:00,68,na,79,6.1,na,26,68
367,"52.3758916,9.7320104",52.3758916,9.7320104,"Hanover,PA",11/8/2022 4:00,18,na,86,2.3,17.9,9,na
368,"48.441942,-123.363165",48.441942,-123.363165,"Victoria,TX",11/7/2022 19:00,30,0.1,89,0.4,11.4,na,30
369,"42.82231,-106.36501",42.82231,-106.36501,"Casper,WY",11/7/2022 19:00,27,na,53.8,1.9,27.2,na,5
370,"44.5884,-123.2673",44.5884,-123.2673,"Corvallis,OR",7/26/2022 13:00,-,na,75,na,na,na,52
371,"30.040998,-90.272735",30.040998,-90.272735,"Kenner,LA",11/7/2022 21:00,37,1.2,95,2.8,18.4,13,37
372,"43.5944677,-83.8888647",43.5944677,-83.8888647,"Bay City,MI",11/7/2022 21:00,25,na,64,na,na,na,25
373,"45.1425,-93.2139",45.1425,-93.2139,"Blaine,MN",11/7/2022 21:00,21,2.3,64,2.8,15.2,4,21
374,"40.366452,-80.615691",40.366452,-80.615691,"Weirton,WV",11/7/2022 22:00,25,na,42,na,na,na,25
375,"-41.29361375,174.77193174",-41.29361375,174.7719317,"Wellington,FL",11/8/2022 15:00,12,na,67.6115,na,na,12,8
376,"47.494318,-111.303317",47.494318,-111.303317,"Great Falls,MT",11/7/2022 20:00,19,na,80.5,na,na,na,19
377,"44.789398,-93.512497",44.789398,-93.512497,"Eden Prairie,MN",11/7/2022 21:00,25,na,64,na,11.2,na,25
378,"53.352988,-6.248738",53.352988,-6.248738,"Dublin,CA",11/8/2022 1:00,21,na,72,na,na,5,21
379,"64.8458,-147.72727",64.8458,-147.72727,"Fairbanks,AK",11/7/2022 18:00,34,4.5,92,na,1.6,10,34
380,"40.3097,-78.9158",40.3097,-78.9158,"Johnstown,PA",11/7/2022 21:00,17,3.4,29,2.8,30.4,10,17
381,"35.25651,-120.6693",35.25651,-120.6693,"San Luis Obispo,CA",1/13/2021 18:00,34,na,29.6,na,33.6,10,17
382,"43.2500208,-79.8660914",43.2500208,-79.8660914,"Hamilton,OH",11/7/2022 21:00,21,1.9,66.4,10.2,12.1,na,21
383,"35.32,-97.4883",35.32,-97.4883,"Moore,OK",11/7/2022 21:00,58,na,87,na,14.5,29,58
384,"41.8932669,12.4753855",41.8932669,12.4753855,"Rome,GA",11/6/2022 23:00,25,na,42.5,9.6,15.1,9,25
385,"28.746111111111,-81.310555555556",28.74611111,-81.31055556,"Sanford,FL",11/7/2022 20:00,28,1.9,92.8,1.3,13.5,22,28
386,"44.706123,-93.285803",44.706123,-93.285803,"Burnsville,MN",11/7/2022 21:00,25,3.4,71,8.3,na,na,25
387,"33.991341,-85.992653",33.991341,-85.992653,"Gadsden,AL",11/7/2022 21:00,34,na,93,na,na,na,34
388,"42.2575385,-83.2110375",42.2575385,-83.2110375,"Taylor,MI",11/7/2022 21:00,30,3.7,49.4,na,11.2,na,30
389,"38.66121,-121.73269",38.66121,-121.73269,"Woodland,CA",11/7/2022 18:00,30,na,83.6,na,29.6,na,5
390,"47.1401,-122.3004",47.1401,-122.3004,"South Hill,WA",11/24/2020 11:00,3,na,74.5,na,na,na,3
391,"42.93257,-87.93434",42.93257,-87.93434,"West Allis,WI",11/7/2022 21:00,28,1.7,65,4.8,21.3,13,28
392,"44.817398,-68.772762",44.817398,-68.772762,"Bangor,ME",11/7/2022 21:00,9,na,43.5,na,na,na,9
393,"44.089355,-70.214134",44.089355,-70.214134,"Lewiston,ME",11/7/2022 21:00,13,na,35,na,na,na,13
394,"37.9723,-122.52011",37.9723,-122.52011,"San Rafael,CA",11/7/2022 18:00,27,2.3,82,3.9,27.2,na,17
395,"36.2975,-86.6525",36.2975,-86.6525,"Hendersonville,TN",11/7/2022 21:00,33,na,52,na,32.8,na,17
396,"41.051896,-73.763648",41.051896,-73.763648,"White Plains,NY",11/7/2022 21:00,16,1.2,28,15.2,32,na,16
397,"46.05881,-118.35147",46.05881,-118.35147,"Walla Walla,WA",11/7/2022 20:00,21,na,55,na,na,na,21
398,"39.462002,-76.631599",39.462002,-76.631599,"Towson,MD",11/7/2022 22:00,34,na,49.5,na,20,na,34
399,"45.683765,-111.056282",45.683765,-111.056282,"Bozeman,MT",11/7/2022 20:00,28,na,86,na,na,na,28
400,"47.75452,-122.28034",47.75452,-122.28034,"Shoreline,WA",11/7/2022 20:00,23,na,95,na,na,na,23
401,"38.400618,27.150843",38.400618,27.150843,"Smyrna,GA",11/8/2022 6:00,70,21.5,74,21.1,4.6,26,70
402,"42.434149,-123.348466",42.434149,-123.348466,"Grants Pass,OR",11/7/2022 19:00,15,na,83,na,na,na,15
403,"28.704607,-100.4511555",28.704607,-100.4511555,"Eagle Pass,TX",11/7/2022 20:00,15,na,69,na,na,na,15
404,"40.46218,-74.42944",40.46218,-74.42944,"New Brunswick,NJ",11/7/2022 22:00,37,2.3,26,2.8,29.6,na,37
405,"42.565089,-114.494717",42.565089,-114.494717,"Twin Falls,ID",11/7/2022 19:00,25,na,80,na,na,na,25
406,"45.399203,-122.745529",45.399203,-122.745529,"Tigard,OR",11/7/2022 19:00,21,1,83,6.3,20.8,na,15
407,"42.108581,-72.590614",42.108581,-72.590614,"Chicopee,MA",8/9/2016 7:00,-,2,35,8.4,3,na,na
408,"41.6708,-87.7325",41.6708,-87.7325,"Oak Lawn,IL",11/7/2022 21:00,19,na,72,na,na,na,19
409,"44.219722,-76.521111",44.219722,-76.521111,"Kingston,NY",11/7/2022 22:00,15,na,68,2.8,14.5,na,9
410,"40.5169,-88.9975",40.5169,-88.9975,"Normal,IL",11/7/2022 21:00,36,na,43,na,na,na,36
411,"35.04676,-120.58777",35.04676,-120.58777,"Arroyo Grande,CA",11/7/2022 19:00,59,na,94,na,na,28,59
412,"34.0563,-117.0486",34.0563,-117.0486,"Yucaipa,CA",10/8/2022 13:00,55,na,26,na,na,na,55
413,"41.2508,-76.9239",41.2508,-76.9239,"Williamsport,PA",11/4/2022 8:00,-,na,35,na,4,na,na
414,"42.998136,-78.899312",42.998136,-78.899312,"Grand Island,NE",11/7/2022 21:00,43,na,64,na,na,na,43
415,"44.89965,-97.128802",44.89965,-97.128802,"Watertown,NY",11/7/2022 15:00,32,na,63,na,20,32,31
416,"46.6588,-112.0131",46.6588,-112.0131,"Helena,MT",11/7/2022 20:00,20,na,82,na,na,na,20
417,"34.63782,-120.4575",34.63782,-120.4575,"Lompoc,CA",11/7/2022 19:00,21,1.2,93,7.5,16.8,8,21
418,"40.107201,-74.882202",40.107201,-74.882202,"Levittown,PA",11/7/2022 21:00,17,na,27.3,na,9.6,na,17
419,"34.14437,-117.85038",34.14437,-117.85038,"Glendora,CA",11/7/2022 19:00,73,2.3,93,5,16,2,73
420,"47.53091,-122.3208",47.53091,-122.3208,"Burien,WA",11/7/2022 20:00,24,na,93,na,na,na,24
421,"40.580254,-74.198295",40.580254,-74.198295,"Perth Amboy,NJ",11/7/2022 21:00,24,na,25,na,12.8,na,24
422,"40.496333827713,-112.03630902098",40.49633383,-112.036309,"Herriman,UT",11/7/2022 19:00,42,na,61.8,1,28.9,42,15
423,"40.902886699711,-111.88449633822",40.9028867,-111.8844963,"Farmington,NM",11/7/2022 20:00,15,na,68.5,11.2,15.2,na,10
424,"40.4316,-86.8525",40.4316,-86.8525,"West Lafayette,IN",11/7/2022 21:00,32,na,65.6,na,na,na,32
425,"31.87952,-110.99644",31.87952,-110.99644,"Sahuarita,AZ",11/7/2022 20:00,45,2.1,30,1.7,44.8,9,9
426,"29.2544736,-94.8612886",29.2544736,-94.8612886,"Galveston,TX",11/7/2022 20:00,25,na,88.3,1.2,24.8,na,34
427,"36.1857,-85.4921",36.1857,-85.4921,"Cookeville,TN",11/7/2022 20:00,9,na,69.5,na,na,na,9
428,"39.02473,-77.48925",39.02473,-77.48925,"Ashburn,VA",11/7/2022 22:00,19,0.1,40,3,13.9,11,19
429,"39.5103,-121.5463",39.5103,-121.5463,"Oroville,CA",11/7/2022 14:00,55,na,49.5,na,na,na,55
430,"41.6175,-87.1992",41.6175,-87.1992,"Portage,MI",11/7/2022 21:00,22,na,83,na,21.6,na,16
431,"36.84343,-121.3621",36.84343,-121.3621,"Hollister,CA",11/7/2022 19:00,27,na,67.2,na,27.2,6,34
432,"30.377501,-88.533897",30.377501,-88.533897,"Pascagoula,MS",11/7/2022 21:00,48,na,100,5.9,na,na,48
433,"37.0581,-88.5725",37.0581,-88.5725,"Paducah,KY",11/7/2022 21:00,18,na,46,na,na,na,18
434,"54.304676,10.135158",54.304676,10.135158,"Kyle,TX",11/8/2022 2:00,35,na,96.5,3.9,na,11,35
435,"40.7939,-124.1613",40.7939,-124.1613,"Uniontown,PA",9/29/2021 7:00,50,na,97,na,na,na,50
436,"39.534488,-105.070358",39.534488,-105.070358,"Littleton,CO",11/7/2022 20:00,30,1.9,51.3,9.2,6.5,27,30
437,"53.244131,-1.454946",53.244131,-1.454946,"Chesterfield,MO",11/8/2022 2:00,25,na,89.5,0.5,23.7,10,25
438,"42.1406,-87.7994",42.1406,-87.7994,"Glenview,IL",11/7/2022 21:00,22,na,76.5,na,22.4,na,19
439,"34.9159141,33.6274981",34.9159141,33.6274981,"Salina,KS",11/8/2022 5:00,16,1.7,84.5,4.5,na,10,16
440,"43.2266,-123.36479",43.2266,-123.36479,"Roseburg,OR",2/16/2022 10:00,55,na,76.5,na,na,na,55
441,"32.322573,-111.037709",32.322573,-111.037709,"Oro Valley,AZ",11/7/2022 20:00,42,2.1,28,1.7,47.2,35,42
442,"21.39283293,-157.969126",21.39283293,-157.969126,"Pearl City,HI",4/6/2022 8:00,10,na,75.2,na,na,10,17
443,"19.71756222,-155.1105295",19.71756222,-155.1105295,"Hilo,HI",11/7/2022 16:00,21,na,90,na,na,na,21
444,"40.85355,-73.9661",40.85355,-73.9661,"Hackensack,NJ",11/7/2022 22:00,3,1.2,29.6,10.2,1,na,3
445,"41.4409,-81.4949",41.4409,-81.4949,"Cleveland Heights,OH",5/26/2020 10:00,58,na,70,5.6,na,na,58
446,"40.6041,-74.27517",40.6041,-74.27517,"Westfield,IN",11/7/2022 22:00,132,2.3,21,11.2,1,na,132
447,"42.190296,-121.731369",42.190296,-121.731369,"Klamath Falls,OR",11/7/2022 19:00,7,na,74,na,na,na,7
448,"40.743156,-73.585513",40.743156,-73.585513,"Freeport,NY",11/7/2022 21:00,20,1.7,30,8.2,18,na,20
449,"46.66409,-122.96732",46.66409,-122.96732,"Centralia,WA",11/7/2022 20:00,9,na,81,na,na,na,9
450,"47.8064,-122.3167",47.8064,-122.3167,"Edmonds,WA",4/9/2020 7:00,32,2.4,79.8,17.6,8.8,na,32
451,"32.72683,-103.12298",32.72683,-103.12298,"Hobbs,NM",11/7/2022 19:00,25,na,81,1.9,24.1,na,25
452,"29.5877306,-98.3124785",29.5877306,-98.3124785,"Schertz,TX",10/30/2016 1:00,-,na,88.6,3.8,18.4,na,29
453,"43.3619145,-5.8493887",43.3619145,-5.8493887,"Oviedo,FL",11/8/2022 3:00,23,0.1,72,1.5,23.2,5,21
454,"41.5144,-90.5172",41.5144,-90.5172,"Moline,IL",11/7/2022 21:00,25,na,60.5,na,22.4,na,25
455,"40.13623485066,-111.66015852648",40.13623485,-111.6601585,"Spanish Fork,UT",11/7/2022 20:00,35,na,69,23.2,4.8,na,35
456,"44.150528,-77.3955",44.150528,-77.3955,"Belleville,IL",11/7/2022 22:00,17,na,70,5.6,12.8,na,17
457,"41.2459149,-75.8813075",41.2459149,-75.8813075,"Wilkes-Barre,PA",11/7/2022 21:00,29,3.4,45.2,4.7,28.9,11,17
458,"38.77335,-77.10468",38.77335,-77.10468,"Woodlawn,MD",11/7/2022 22:00,19,0.1,28,1.5,15.1,11,19
459,"40.828022,-73.057548",40.828022,-73.057548,"Coram,NY",11/7/2022 21:00,18,2.1,33,13,32,na,18
460,"37.747338677287,-113.05551540249",37.74733868,-113.0555154,"Cedar City,UT",11/7/2022 20:00,27,na,46,1,27.2,na,20
461,"42.2211,-88.2411",42.2211,-88.2411,"Crystal Lake,IL",11/7/2022 21:00,37,na,75,na,14.5,na,37
462,"32.67618,-115.48307",32.67618,-115.48307,"Calexico,CA",11/7/2022 19:00,24,1.4,46.3,3.8,18.4,24,16
463,"42.92111,-78.76611",42.92111,-78.76611,"Amherst,MA",11/7/2022 21:00,36,2.7,60,9.8,6,na,36
464,"51.5073509,-0.1277583",51.5073509,-0.1277583,"Chelsea,MA",11/8/2022 2:00,46,1.9,73.2,3.2,15.9,19,46
465,"43.52965,-79.862449",43.52965,-79.862449,"Milton,GA",11/7/2022 22:00,17,na,68.7,13.9,7.3,na,17
466,"41.875,-90.177498",41.875,-90.177498,"Clinton,MD",11/7/2022 19:00,23,na,80,na,na,na,23
467,"47.1303,-119.2737",47.1303,-119.2737,"Moses Lake,WA",11/7/2022 21:00,7,na,80,na,na,na,7
468,"40.9958,-80.3467",40.9958,-80.3467,"New Castle,PA",11/7/2022 21:00,27,na,61,13,4.8,18,27
469,"50.1220323,8.6471212",50.1220323,8.6471212,"Frankfort,KY",11/8/2022 3:00,18,0.1,100,3.7,18.3,6,21
470,"45.77222,3.0875",45.77222,3.0875,"Clermont,FL",2/9/2020 6:00,26,na,81,20.4,na,11,26
471,"51.744806,-1.260278",51.744806,-1.260278,"Oxford,MS",11/8/2022 2:00,30,na,87.5,1,na,12,30
472,"49.0787782,19.3023554",49.0787782,19.3023554,"Rosenberg,TX",11/8/2022 3:00,50,5.8,92.2,4.2,na,18,50
473,"45.675107781679,6.389599834955",45.67510778,6.389599835,"Albertville,AL",11/4/2022 3:00,-,na,94,1.2,9.4,na,16
474,"27.955,-82.469444444444",27.955,-82.46944444,"Egypt Lake-Leto,FL",11/7/2022 22:00,17,4.6,84,3.6,12.2,17,27
475,"47.18631,-122.45154",47.18631,-122.45154,"Parkland,WA",11/7/2022 21:00,42,na,95,na,na,na,42
476,"38.23158,-85.82675",38.23158,-85.82675,"New Albany,IN",11/7/2022 22:00,23,na,38,na,na,16,23
477,"-45.86909824,170.51770311",-45.86909824,170.5177031,"Dunedin,FL",11/8/2022 15:00,27,na,50.7,na,na,27,na
478,"32.437028,-84.999653",32.437028,-84.999653,"Phenix City,AL",11/7/2022 21:00,34,na,73,na,na,na,34
479,"43.486917,-79.702278",43.486917,-79.702278,"Oakville,MO",11/7/2022 22:00,13,na,61,5.6,12.1,na,13
480,"42.93056,-87.932104",42.93056,-87.932104,"Oak Creek,WI",11/7/2022 21:00,28,1.2,65,4.8,21.3,12,28
481,"40.539299,-112.299797",40.539299,-112.299797,"Tooele,UT",11/7/2022 20:00,17,1.4,46,10.2,16.8,na,13
482,"40.0845,-82.81552",40.0845,-82.81552,"Gahanna,OH",11/7/2022 22:00,20,na,38,na,na,na,20
483,"48.2944,-122.66",48.2944,-122.66,"Oak Harbor,WA",11/7/2022 19:00,10,na,86,na,na,na,10
484,"41.7547,-87.7136",41.7547,-87.7136,"New City,NY",11/7/2022 21:00,17,na,61,na,11.2,na,17
485,"39.732146,-105.015317",39.732146,-105.015317,"Englewood,CO",11/7/2022 20:00,46,7.7,69,16,0.5,25,46
486,"22.13175,-100.97691666667",22.13175,-100.9769167,"San Luis,AZ",11/7/2022 21:00,1,na,67,14,na,na,na
487,"46.7244,-117.18014",46.7244,-117.18014,"Pullman,WA",11/7/2022 21:00,20,na,85.5,na,na,na,20
488,"31.6675,-106.288",31.6675,-106.288,"Socorro,TX",11/7/2022 20:00,62,na,35,na,6.4,62,52
489,"42.211674,-71.113864",42.211674,-71.113864,"Randolph,MA",11/7/2022 22:00,31,2.3,44,1,31.2,na,13
490,"40.1122,-75.3092",40.1122,-75.3092,"Norristown,PA",11/7/2022 21:00,17,na,29.2,17.6,9.6,na,17
491,"46.002399,-112.500893",46.002399,-112.500893,"Butte,MT",11/7/2022 20:00,24,na,85,na,na,5,24
492,"38.631057,-90.281144",38.631057,-90.281144,"University City,MO",11/7/2022 21:00,12,1.2,45,6.3,na,na,12
493,"39.8356,-75.3725",39.8356,-75.3725,"Chester,PA",11/7/2022 21:00,35,na,60,17.6,9.6,na,35
494,"41.302831,-105.586",41.302831,-105.586,"Laramie,WY",4/4/2018 14:00,40,na,16.4,1,40,24,25
495,"-33.049743798096,-71.614167231712",-33.0497438,-71.61416723,"Valparaiso,IN",11/7/2022 23:00,42,5.6,87,15.7,9.6,28,42
496,"39.2787,-84.36612",39.2787,-84.36612,"Mason,OH",11/7/2022 22:00,44,na,34.6,na,na,na,44
497,"52.225171,21.014783",52.225171,21.014783,"Warsaw,IN",11/8/2022 3:00,59,0.1,73,10.9,12,20,59
498,"32.4820815,-97.0269224",32.4820815,-97.0269224,"Midlothian,TX",4/22/2022 14:00,-,na,55,5,27.2,na,51
499,"29.670025,-95.1285077",29.670025,-95.1285077,"Deer Park,TX",11/7/2022 20:00,25,2.3,91.8,8.2,16,10,25
500,"51.149617,-1.438228",51.149617,-1.438228,"Andover,MN",11/8/2022 3:00,34,na,72,0.5,34.1,11,30
501,"30.525277777778,-87.203611111111",30.52527778,-87.20361111,"Ferry Pass,FL",11/7/2022 19:00,36,na,78,na,5.7,18,36
502,"39.055302,-76.878304",39.055302,-76.878304,"College Park,MD",11/7/2022 22:00,9,2.3,71,21.3,8.8,na,na
503,"39.303056,-94.376389",39.303056,-94.376389,"Liberty,MO",11/7/2022 21:00,5,na,34,na,30.4,na,5
504,"39.954592,116.468117",39.954592,116.468117,"Pekin,IL",11/8/2022 11:00,132,6.4,43,24.3,6.5,74,132
505,"59.96903,30.28451",59.96903,30.28451,"Petersburg,VA",5/27/2020 14:00,29,5.6,28,11.2,28.9,4,11
506,"20.869444,-156.492417",20.869444,-156.492417,"Kahului,HI",11/7/2022 17:00,34,na,84,na,na,na,34
507,"30.135833333333,-81.633888888889",30.13583333,-81.63388889,"Fruit Cove,FL",11/7/2022 22:00,30,1.9,89,0.8,14.3,16,30
508,"33.92077,-116.85841",33.92077,-116.85841,"Banning,CA",11/7/2022 19:00,19,na,98,0.8,19.2,na,17
509,"37.9604,-122.35685",37.9604,-122.35685,"San Pablo,CA",11/7/2022 19:00,30,3.4,81,6.1,25.6,na,30
510,"43.809486,-111.800475",43.809486,-111.800475,"Rexburg,ID",11/1/2022 8:00,17,na,69,na,na,na,17
511,"31.293111111111,-110.95230555556",31.29311111,-110.9523056,"Nogales,AZ",na,-,na,34,na,na,na,na
512,"34.44551,-119.82845",34.44551,-119.82845,"Goleta,CA",11/7/2022 19:00,38,na,90,na,5.6,13,38
513,"33.96127,-84.06901",33.96127,-84.06901,"Lawrenceville,GA",11/7/2022 21:00,32,na,84,na,4,13,32
514,"32.7912,-116.9421",32.7912,-116.9421,"Lakeside,FL",11/7/2022 19:00,18,na,87.6,na,18.4,na,10
515,"-12.10863,-77.00777",-12.10863,-77.00777,"Peru,IL",11/7/2022 22:00,63,26.9,79,10,na,56,63
516,"35.49453,-120.66617",35.49453,-120.66617,"Atascadero,CA",11/7/2022 19:00,13,na,79,1.9,0.1,9,13
517,"35.7683,-83.9422",35.7683,-83.9422,"Maryville,TN",11/7/2022 21:00,34,na,96,na,na,na,34
518,"57.141922,-2.091664",57.141922,-2.091664,"Aberdeen,WA",11/8/2022 2:00,57,na,93,1.8,16.7,28,57
519,"32.172997,-110.980115",32.172997,-110.980115,"Drexel Heights,AZ",11/7/2022 19:00,27,2.1,26.5,1.7,16.8,27,30
520,"39.15047,-123.20655",39.15047,-123.20655,"Ukiah,CA",11/7/2022 19:00,9,na,93,na,na,na,9
521,"45.828968,-119.262991",45.828968,-119.262991,"Hermiston,OR",11/7/2022 19:00,15,na,70,na,na,na,15
522,"39.143197,-76.846192",39.143197,-76.846192,"South Laurel,MD",11/7/2022 22:00,30,2.3,66.6,13.6,na,na,30
523,"26.724722222222,-80.666388888889",26.72472222,-80.66638889,"Belle Glade,FL",11/7/2022 20:00,30,na,82,na,14.3,na,30
524,"52.47609,-1.875024",52.47609,-1.875024,"Shirley,NY",11/8/2022 3:00,30,na,95,1,26.4,11,30
525,"46.193654,6.214178",46.193654,6.214178,"Geneva,NY",11/4/2022 3:00,-,na,96.5,1.3,1,na,28
526,"52.272257,-0.916605",52.272257,-0.916605,"Northampton,MA",11/8/2022 3:00,42,na,24,0.1,32.5,10,42
527,"25.73,-100.30972222222",25.73,-100.3097222,"Monterey,CA",11/7/2022 20:00,48,9.8,89,10.3,6.4,48,34
528,"38.7045,-90.1397",38.7045,-90.1397,"Granite City,IL",11/7/2022 21:00,17,na,54,na,na,na,17
529,"40.83606,-73.92009",40.83606,-73.92009,"Melrose,MA",11/7/2022 22:00,20,1.4,20,15.2,32,na,20
530,"38.448581,-90.398436",38.448581,-90.398436,"Mehlville,MO",11/7/2022 21:00,18,na,58.5,na,na,10,18
531,"-42.855,147.315",-42.855,147.315,"Hobart,IN",11/8/2022 13:00,3,na,44,na,na,3,5
532,"36.17341,-115.33272",36.17341,-115.33272,"Summerlin South,NV",5/18/2021 5:00,18,0.1,28.8,2,15.5,14,18
533,"41.653446,-87.435435",41.653446,-87.435435,"East Chicago,IN",11/7/2022 21:00,17,na,65,na,na,na,17
534,"38.650259,-90.350463",38.650259,-90.350463,"Kirkwood,MO",11/7/2022 21:00,5,na,52.5,na,na,na,5
535,"36.7319,-119.5089",36.7319,-119.5089,"Sanger,CA",11/10/2020 9:00,36,na,59.5,na,na,na,36
536,"38.1825,-85.5744",38.1825,-85.5744,"Jeffersontown,KY",11/7/2022 22:00,23,na,32,na,22.4,17,23
537,"-23.8351,151.2539",-23.8351,151.2539,"Gladstone,MO",11/8/2022 13:00,24,na,60.5,na,na,24,na
538,"40.4211798,-79.7881024",40.4211798,-79.7881024,"Monroeville,PA",1/5/2016 17:00,-,na,53,na,1,na,na
539,"40.740375,-75.3096237",40.740375,-75.3096237,"Easton,PA",1/7/2016 7:00,-,na,92,26,1,3,na
540,"41.3536,-72.0789",41.3536,-72.0789,"New London,CT",11/7/2022 22:00,15,na,30.4,na,na,14,15
541,"33.433575,-84.161708",33.433575,-84.161708,"McDonough,GA",11/7/2022 21:00,40,na,90,na,32.8,na,40
542,"33.3311,-87.0036",33.3311,-87.0036,"Bessemer,AL",11/7/2022 21:00,38,na,94.6,na,0.8,na,38
543,"-6.182536,106.834236",-6.182536,106.834236,"Batavia,IL",11/8/2022 9:00,107,na,61.3,na,na,na,107
544,"41.400968,-91.067957",41.400968,-91.067957,"Muscatine,IA",11/7/2022 20:00,34,0.1,43,na,19.2,22,34
545,"55.77128,37.60682",55.77128,37.60682,"Moscow,ID",11/8/2022 6:00,78,na,98.1691,na,na,29,78
546,"38.611893,-90.160614",38.611893,-90.160614,"East St. Louis,IL",11/7/2022 21:00,24,na,49,na,19.2,na,24
547,"48.856614,2.3522219",48.856614,2.3522219,"Paris,TX",11/8/2022 2:00,11,0.1,86,26.2,11.4,15,41
548,"46.743889,-92.166946",46.743889,-92.166946,"Superior,WI",11/7/2022 21:00,8,na,64,na,na,na,8
549,"24.469159,39.622603",24.469159,39.622603,"Medina,OH",2/27/2022 11:18,18,8,18,3,18,8,na
550,"21.32374479,-158.0886127",21.32374479,-158.0886127,"Ewa Gentry,HI",11/7/2022 17:00,18,na,54,5.4,0.1,15,18
551,"39.41,-76.2967",39.41,-76.2967,"Edgewood,MD",11/7/2022 22:00,34,na,64,na,na,na,34
552,"40.85361,14.27167",40.85361,14.27167,"San Lorenzo,CA",8/16/2022 9:00,14,3.6,77.8,16.5,na,14,8
553,"43.660248,-70.268967",43.660248,-70.268967,"South Portland,ME",11/7/2022 22:00,12,na,42,0.9,11.8,na,9
554,"27.779722222222,-82.419722222222",27.77972222,-82.41972222,"Ruskin,FL",11/7/2022 22:00,38,na,78.7,1,12,19,38
555,"37.864731,-122.302703",37.864731,-122.302703,"El Cerrito,CA",11/7/2022 15:00,21,2.3,74,14.2,20.8,na,na
556,"33.5531,-86.815",33.5531,-86.815,"Homewood,AL",10/28/2022 13:00,55,na,49,na,35.2,21,55
557,"38.7267,-89.959198",38.7267,-89.959198,"Edwardsville,IL",4/28/2022 12:00,23,na,40.5,na,23.3,na,na
558,"29.94475,-89.976263",29.94475,-89.976263,"Terrytown,LA",11/7/2022 21:00,41,1.2,72.5,5.6,25,17,41
559,"-37.8287277,145.1324",-37.8287277,145.1324,"Clayton,NC",11/8/2022 13:00,26,1.5,39.9,4.7,25.6,15,12
560,"44.348604,-96.807299",44.348604,-96.807299,"Brookings,SD",11/7/2022 21:00,13,na,57,na,12.8,12,10
561,"42.261669,-83.157893",42.261669,-83.157893,"Wyandotte,MI",11/7/2022 22:00,30,na,53,na,na,na,30
562,"-27.5358,152.9934",-27.5358,152.9934,"Forest Lake,MN",11/8/2022 13:00,43,na,42,1.9,10.6,16,43
563,"27.1725,-80.240555555556",27.1725,-80.24055556,"Palm City,FL",11/7/2022 20:00,35,na,54,na,15.1,na,35
564,"-39.638873262,176.85880199271",-39.63887326,176.858802,"Hastings,NE",11/8/2022 15:00,8,na,67.4,na,na,8,na
565,"37.394524126147,-6.0030957063521",37.39452413,-6.003095706,"Camas,WA",11/8/2022 4:00,49,0.1,88,7.4,9.9,25,49
566,"35.1967,-90.1911",35.1967,-90.1911,"West Memphis,AR",11/7/2022 20:00,40,na,93,na,12.8,na,40
567,"46.99364,-120.545",46.99364,-120.545,"Ellensburg,WA",11/7/2022 21:00,13,na,75.5,na,na,na,13
568,"45.64336,-122.58737",45.64336,-122.58737,"Orchards,WA",11/7/2022 21:00,13,na,78.6,na,na,na,13
569,"51.601203,-2.977281",51.601203,-2.977281,"Newport,RI",11/8/2022 3:00,13,na,93,1.4,26,9,13
570,"36.522823188657,-6.2251698914053",36.52282319,-6.225169891,"San Fernando,CA",11/8/2022 4:00,1,0.1,93,1.9,16.7,18,44
571,"48.115,-123.436434",48.115,-123.436434,"Port Angeles,WA",11/7/2022 21:00,17,na,100,na,na,na,17
572,"36.697189,-97.081278",36.697189,-97.081278,"Ponca City,OK",11/7/2022 21:00,29,na,65,na,na,18,29
573,"33.68797,-84.29048",33.68797,-84.29048,"Candler-McAfee,GA",11/7/2022 21:00,29,4.5,59.4,17.7,4,14,29
574,"30.426666666667,-86.666111111111",30.42666667,-86.66611111,"Wright,FL",6/20/2022 12:00,25,na,66,na,17.5,14,25
575,"32.0319398,-96.3991377",32.0319398,-96.3991377,"Corsicana,TX",11/7/2022 20:00,29,na,78.4,1,14.5,na,29
576,"50.9959111111106,2.36626928430889",50.99591111,2.366269284,"Dunkirk,NY",11/8/2022 3:00,21,na,88,0.5,21.2,7,21
577,"35.9525,-96.0033",35.9525,-96.0033,"Jenks,OK",11/7/2022 21:00,33,na,80,na,24.8,15,33
578,"38.75961,-94.57983",38.75961,-94.57983,"Belton,MO",11/7/2022 21:00,5,na,88,na,29.6,na,5
579,"30.260277777778,-81.453611111111",30.26027778,-81.45361111,"Jacksonville Beach,FL",11/7/2022 22:00,26,1.9,82,0.8,13,12,26
580,"52.95473,-1.146447",52.95473,-1.146447,"Arnold,MD",11/8/2022 3:00,34,na,82.4,1.9,29.2,13,34
581,"40.4732222,-79.9556424",40.4732222,-79.9556424,"Allison Park,PA",10/18/2016 15:00,-,4.5,93.8,na,0.1,na,na
582,"41.182101,-74.028167",41.182101,-74.028167,"Monsey,NY",11/7/2022 22:00,37,1.2,47.3,15.2,30.4,na,37
583,"35.5365,-108.7272",35.5365,-108.7272,"Gallup,NM",3/25/2022 5:00,5,na,26,na,na,na,5
584,"42.930521,-72.272332",42.930521,-72.272332,"Keene,NH",11/7/2022 22:00,25,na,51,na,24.8,na,13
585,"37.179005689686,-113.30510046381",37.17900569,-113.3051005,"Hurricane,UT",11/7/2022 20:00,28,na,36,10.2,28.1,na,8
586,"33.5453,-86.5492",33.5453,-86.5492,"Trussville,AL",11/7/2022 21:00,47,na,91,na,0.8,na,47
587,"36.1022,-119.56564",36.1022,-119.56564,"Corcoran,CA",11/7/2022 19:00,34,na,80,na,na,34,25
588,"45.496641,-122.602877",45.496641,-122.602877,"Happy Valley,OR",11/7/2022 17:00,7,0.1,94.5,3.6,0.1,na,7
589,"40.6978,-89.5889",40.6978,-89.5889,"East Peoria,IL",11/7/2022 21:00,57,na,51.5,na,na,na,57
590,"37.34438,-77.25925",37.34438,-77.25925,"Hopewell,VA",11/7/2022 21:00,94,0.1,69,1,15.9,42,94
591,"51.953278,7.619377",51.953278,7.619377,"Munster,IN",11/8/2022 2:00,19,na,89,5.5,na,7,19
592,"20.78099679,-156.4463732",20.78099679,-156.4463732,"Kihei,HI",3/30/2022 8:00,17,na,82.5,na,na,na,17
593,"48.786114,-123.717307",48.786114,-123.717307,"Duncan,OK",11/7/2022 19:00,10,na,76,0.7,10.4,na,9
594,"51.552476,-0.258089",51.552476,-0.258089,"Brent,FL",11/8/2022 2:00,24,na,80.5,1.2,23.6,14,21
595,"36.511708,-77.655389",36.511708,-77.655389,"Roanoke Rapids,NC",11/7/2022 22:00,53,na,69,2.5,na,na,53
596,"52.3702157,4.8951679",52.3702157,4.8951679,"Amsterdam,NY",11/8/2022 4:00,23,2.1,86,3.7,20,8,23
597,"-33.872468,151.213337",-33.872468,151.213337,"Sidney,OH",11/8/2022 13:00,16,1.2,59,7.5,16,5,6
598,"34.843899,-82.414597",34.843899,-82.414597,"Wade Hampton,SC",11/7/2022 22:00,61,na,94,17.6,na,24,61
599,"36.0261,-80.3419",36.0261,-80.3419,"Clemmons,NC",11/7/2022 22:00,33,na,91,na,10.4,na,33
600,"39.595001,-75.611",39.595001,-75.611,"Bear,DE",11/7/2022 22:00,27,na,43,na,na,na,27
601,"36.0528,-89.3819",36.0528,-89.3819,"Dyersburg,TN",11/7/2022 20:00,21,na,100,na,na,na,21
602,"41.302637194351,-111.98647559149",41.30263719,-111.9864756,"North Ogden,UT",11/7/2022 20:00,17,1.6,83.1,11.2,16.8,7,5
603,"41.133317,-95.956078",41.133317,-95.956078,"Papillion,NE",11/3/2022 10:00,38,na,75.1,na,na,na,38
604,"45.602419,-121.203387",45.602419,-121.203387,"The Dalles,OR",11/7/2022 19:00,23,na,82,na,na,na,23
605,"33.565278,-86.796389",33.565278,-86.796389,"Mountain Brook,AL",11/7/2022 21:00,62,na,82,na,na,19,62
606,"43.168285997691,-2.637958000945",43.168286,-2.637958001,"Durango,CO",11/8/2022 2:00,27,na,41,1,26.9,4,9
607,"42.2411499,-83.6129939",42.2411499,-83.6129939,"Ypsilanti,MI",11/7/2022 22:00,29,na,60,na,na,na,29
608,"39.464872,-74.448736",39.464872,-74.448736,"Pleasantville,NJ",11/7/2022 22:00,22,na,60.5,25.1,21.6,na,20
609,"41.726811,-81.242156",41.726811,-81.242156,"Painesville,OH",11/7/2022 22:00,25,na,75.5,na,na,na,25
610,"40.739264,-73.817694",40.739264,-73.817694,"Rosedale,MD",11/7/2022 22:00,25,1.6,22.2,7.5,28.9,na,25
611,"45.4215296,-75.6971931",45.4215296,-75.6971931,"Ottawa,IL",11/7/2022 22:00,15,5,56,1.9,14.5,na,9
612,"40.3260845,-79.8836674",40.3260845,-79.8836674,"West Mifflin,PA",11/7/2022 15:00,9,na,45.2,5.6,0.8,na,9
613,"41.492802,-112.0187",41.492802,-112.0187,"Brigham City,UT",11/7/2022 20:00,17,1.4,46,10.2,16.8,na,13
614,"44.476101,-73.210297",44.476101,-73.210297,"South Burlington,VT",11/7/2022 22:00,21,na,37,na,na,na,21
615,"43.566122,-71.496335",43.566122,-71.496335,"Laconia,NH",11/7/2022 22:00,25,na,42.5,na,na,na,25
616,"44.80353,-106.961763",44.80353,-106.961763,"Sheridan,WY",9/18/2018 7:00,16,na,41.7,9.3,4.8,16,5
617,"39.146025,-84.538375",39.146025,-84.538375,"White Oak,OH",11/7/2022 22:00,22,5.6,34.5,33.4,na,na,22
618,"54.894834,-2.945307",54.894834,-2.945307,"Carlisle,PA",6/21/2021 11:00,46,na,58,17.9,30,15,46
619,"34.906082,-95.794128",34.906082,-95.794128,"McAlester,OK",11/7/2022 21:00,48,na,89,na,13.6,15,48
620,"48.52059,-122.61428",48.52059,-122.61428,"Anacortes,WA",11/7/2022 19:00,30,na,87,na,21.6,na,30
621,"31.768319,35.21371",31.768319,35.21371,"Palestine,TX",11/8/2022 5:00,53,7.6,7.5,3.9,19.1,35,53
622,"43.608528,-72.98246",43.608528,-72.98246,"Rutland,VT",11/7/2022 22:00,24,2.3,53,1.2,24.1,na,18
623,"45.2108,-93.6686",45.2108,-93.6686,"Otsego,MN",11/7/2022 21:00,21,na,73,na,30.4,na,21
624,"34.051102,-81.154999",34.051102,-81.154999,"West Columbia,SC",8/31/2020 8:00,155,na,87.5,na,na,na,155
625,"31.79611,-106.58389",31.79611,-106.58389,"Sunland Park,NM",11/7/2022 19:00,69,na,41,32.5,6.4,69,42
626,"36.9919037153292,35.326057728836",36.99190372,35.32605773,"Ada,OK",11/8/2022 7:00,36,2.3,82,15.3,16.8,36,35
627,"30.394166666667,-87.008055555556",30.39416667,-87.00805556,"Midway,FL",11/7/2022 19:00,38,na,93.7,na,5.7,18,38
628,"44.796959,20.475288",44.796959,20.475288,"Belgrade,MT",11/8/2022 3:00,87,na,100,3.6,2.2,35,87
629,"35.02079,-120.56389",35.02079,-120.56389,"Nipomo,CA",11/7/2022 19:00,22,na,93,na,na,22,21
630,"29.7337263,-95.2575931",29.7337263,-95.2575931,"South Houston,TX",11/7/2022 22:00,25,4.5,85.5,13.2,12.8,na,25
631,"45.652231,-118.823033",45.652231,-118.823033,"Pendleton,OR",11/7/2022 19:00,12,na,44,na,na,na,12
632,"42.702223,-73.110414",42.702223,-73.110414,"North Adams,MA",11/7/2022 22:00,26,2,49,1,26.4,na,17
633,"31.93544,35.94458",31.93544,35.94458,"Ammon,ID",11/8/2022 2:00,30,na,67,8.7,na,30,na
634,"38.5425,-90.263611",38.5425,-90.263611,"Lemay,MO",11/6/2022 20:00,-,na,49.5,na,na,na,13
635,"39.32782,-120.18459",39.32782,-120.18459,"Truckee,CA",11/7/2022 19:00,9,na,82.4,na,na,na,9
636,"9.949488,-84.142876",9.949488,-84.142876,"Mercedes,TX",11/7/2022 21:00,42,na,85,na,na,na,42
637,"48.2167394444444,16.3809180555556",48.21673944,16.38091806,"Vienna,VA",11/8/2022 5:00,63,0.1,87.7,14.2,na,22,63
638,"31.3492,-109.539683",31.3492,-109.539683,"Douglas,AZ",11/7/2022 20:00,17,na,38.5,na,na,17,na
639,"34.8275,-89.9889",34.8275,-89.9889,"Hernando,MS",11/7/2022 21:00,42,na,96,na,na,na,42
640,"51.518167,0.439548",51.518167,0.439548,"Stanford,CA",11/8/2022 3:00,21,na,77,2.1,5,11,21
641,"35.97814,-114.84631",35.97814,-114.84631,"Boulder City,NV",3/12/2021 6:00,14,0.1,93,4.9,14.3,4,8
642,"-34.2487,146.0695",-34.2487,146.0695,"Griffith,IN",11/8/2022 12:00,2,na,38.9,na,na,2,4
643,"40.72545,-74.05229",40.72545,-74.05229,"North Arlington,NJ",11/7/2022 23:00,21,7.8,38.5,34.3,1,na,21
644,"41.215,-80.485",41.215,-80.485,"Hermitage,PA",11/7/2022 22:00,28,na,75.6,na,9.6,18,28
645,"33.4997,-86.9242",33.4997,-86.9242,"Hueytown,AL",11/7/2022 22:00,42,na,88.7,na,na,12,42
646,"29.901037,-95.3261248",29.901037,-95.3261248,"Aldine,TX",11/7/2022 21:00,38,na,91.7,15.1,1.6,na,38
647,"30.293697,57.08758",30.293697,57.08758,"Kerman,CA",11/8/2022 7:00,77,29,60,na,na,na,77
648,"28.376721853839,-16.361936111111",28.37672185,-16.36193611,"Candelaria,PR",11/8/2022 4:00,30,0.1,21,4.2,22.4,13,30
649,"40.4094,-120.6644",40.4094,-120.6644,"Susanville,CA",11/10/2021 5:00,57,na,78,na,na,na,57
650,"55.934357,-3.46919",55.934357,-3.46919,"Livingston,CA",11/8/2022 2:00,9,na,76,0.4,16,4,9
651,"46.721932,-116.95918",46.721932,-116.95918,"Paradise Valley,AZ",11/7/2022 20:00,65,na,80,na,na,na,65
652,"55.85917,-4.258889",55.85917,-4.258889,"Glasgow,KY",11/8/2022 3:00,9,na,87,1.8,15.9,5,9
653,"53.38928,-2.615358",53.38928,-2.615358,"Warrington,FL",11/8/2022 3:00,30,na,92.3,13.9,30.1,6,5
654,"27.113443,114.992509",27.113443,114.992509,"Luling,LA",11/8/2022 11:00,109,6.4,90.9,12.8,20.4,52,109
655,"43.781611,-79.417722",43.781611,-79.417722,"Richmond Hill,GA",11/7/2022 23:00,17,na,73.5,9.3,7.3,na,17
656,"51.46603,0.184806",51.46603,0.184806,"Bexley,OH",11/8/2022 3:00,30,7.3,82.8,1,28.1,13,30
657,"54.569297,-1.220874",54.569297,-1.220874,"Middlesborough,KY",11/8/2022 3:00,30,na,79,1,20.8,11,30
658,"46.533194,-84.309917",46.533194,-84.309917,"Sault Ste. Marie,MI",11/7/2022 23:00,22,na,69,2.8,21.6,na,5
659,"51.632696,-3.947374",51.632696,-3.947374,"Swansea,IL",11/8/2022 3:00,50,na,89.7,0.5,22,13,50
660,"49.957927777778,14.0583",49.95792778,14.0583,"Verona,WI",11/8/2022 4:00,87,na,99,5.4,19.3,24,87
661,"51.374264,0.54797",51.374264,0.54797,"Chatham,IL",11/8/2022 3:00,28,na,85.9,0.5,28.3,20,25
662,"-33.927546,18.482759",-33.927546,18.482759,"Lansdowne,VA",11/8/2022 6:00,24,8.4,90,5.4,na,23,24
663,"28.635759353638,77.224449157715",28.63575935,77.22444916,"Delhi,CA",11/8/2022 9:00,291,na,83,na,na,na,291
664,"-32.93118,151.7596",-32.93118,151.7596,"Newcastle,WA",11/8/2022 13:00,2,na,75,2.8,na,13,1
665,"37.196104640346,-3.6126594952059",37.19610464,-3.612659495,"Grenada,MS",11/8/2022 4:00,53,0.1,69,15.6,13.7,33,53
666,"53.80378,-1.546472",53.80378,-1.546472,"Leeds,AL",11/8/2022 3:00,30,2.8,na,1.9,22.8,12,30
667,"41.9875,21.6525",41.9875,21.6525,"Macedonia,OH",11/8/2022 3:00,157,157.4,96.5,4.1,0.3,33,80
668,"-33.79425,150.9142",-33.79425,150.9142,"Seven Hills,OH",11/8/2022 14:00,24,1.2,46,1,24.1,4,2
669,"37.338202,-121.849892",37.338202,-121.849892,"Alum Rock,CA",11/7/2022 18:00,13,3.4,75,12.4,na,na,13
670,"19.42461,-99.119594",19.42461,-99.119594,"Mexico,MO",11/7/2022 22:00,11,3.4,59,19.5,11.2,41,13
671,"-37.9135475,144.998",-37.9135475,144.998,"Elwood,NY",11/8/2022 15:00,36,0.7,66.7,3.8,14.5,11,36
672,"44.427783966,12.186494827",44.42778397,12.18649483,"Ravenna,OH",11/6/2022 23:00,65,0.1,94.4,26.6,21.2,15,65
673,"52.5200066,13.404954",52.5200066,13.404954,"Berlin,NH",2/22/2022 14:00,26,na,68,17.4,26,26,na
674,"-41.303,146.951",-41.303,146.951,"Exeter,CA",11/8/2022 14:00,29,na,38.8,na,na,29,13
675,"49.0578053,18.9198444",49.0578053,18.9198444,"Martin,TN",11/8/2022 4:00,72,7.1,94.4,6.9,na,26,72
676,"49.0520822,8.2527935",49.0520822,8.2527935,"Worth,IL",11/8/2022 5:00,21,na,95,na,na,21,na
677,"45.735351083786,4.829801108221",45.73535108,4.829801108,"Lyons,IL",11/2/2022 9:00,28,na,74.5,9.4,0.6,na,28
678,"50.260617,-119.270723",50.260617,-119.270723,"Vernon,TX",11/7/2022 19:00,31,na,77,4,8.5,19,31
679,"37.7769629210654,30.5471035478632",37.77696292,30.54710355,"Sparta,WI",11/8/2022 7:00,72,4.2,71.1,18.5,7.7,39,72
680,"49.4896322869577,0.100702489901362",49.48963229,0.10070249,"Havre,MT",11/8/2022 5:00,1,na,82,na,24,10,na
681,"51.410039,-0.127523",51.410039,-0.127523,"Croydon,PA",11/8/2022 3:00,50,na,85,na,na,na,50
682,"52.247064000036,-7.1516249996007",52.247064,-7.151625,"Waterford,CA",11/8/2022 3:00,56,na,90,0.2,34.3,23,56
683,"32.4611928,130.1948406",32.4611928,130.1948406,"Hondo,TX",11/8/2022 12:00,11,na,35.2,3.8,44,11,55
684,"13.087840080261,80.278472900391",13.08784008,80.2784729,"Madras,OR",11/8/2022 9:00,183,na,91,na,na,na,183
685,"34.1992,-118.53275",34.1992,-118.53275,"Girard,OH",11/7/2022 20:00,25,3.4,87,12.6,9.6,na,25
686,"49.1583,-122.9017",49.1583,-122.9017,"Delta,CO",11/7/2022 19:00,27,na,69,6.4,6,na,27
687,"53.378622,-1.478096",53.378622,-1.478096,"Sheffield,AL",11/8/2022 4:00,25,na,94,1.4,24.8,9,25
688,"-33.682778,150.903611",-33.682778,150.903611,"Glenwood,IL",11/8/2022 14:00,23,1.2,46.3,1,23.3,16,9
689,"43.312152807423,-1.9809008637097",43.31215281,-1.980900864,"San Sebastin,PR",11/8/2022 3:00,17,0.1,38,9.6,na,9,17
690,"43.653226,-79.3831843",43.653226,-79.3831843,"East York,PA",11/7/2022 23:00,25,2.3,66.6,11.2,7.3,na,25
691,"48.783150000042,9.1807305558523",48.78315,9.180730556,"Stuttgart,AR",11/8/2022 4:00,42,na,96,17.9,0.9,24,42
692,"4.5725,-74.0836",4.5725,-74.0836,"Bogota,NJ",11/7/2022 23:00,30,4.3,70.82,5.4,2.5,13,30
693,"16.4095395,120.5948075",16.4095395,120.5948075,"Trinidad,CO",10/28/2020 16:00,72,na,84.3,na,na,72,na
694,"52.411563,-1.560228",52.411563,-1.560228,"Kenilworth,NJ",11/8/2022 4:00,33,na,92.6,2,32.8,10,25
695,"-23.501547361,-46.420736839",-23.50154736,-46.42073684,"Brazil,IN",11/8/2022 1:00,25,na,100,6.9,15.1,11,25
696,"-41.238,146.42",-41.238,146.42,"Latrobe,PA",11/8/2022 14:00,6,na,90.9,na,na,6,9
697,"37.384249877647,-5.9596177518418",37.38424988,-5.959617752,"Seville,OH",11/8/2022 5:00,53,0.1,87,8.3,9.5,31,53
698,"25.7493469,-100.2868973",25.7493469,-100.2868973,"Guadalupe,CA",11/7/2022 21:00,50,20.9,88.5,8.2,10.4,45,50
699,"45.470501,9.19746075",45.470501,9.19746075,"Milan,MI",11/5/2022 23:00,59,0.1,74,28.4,na,22,59
700,"57.481308,-4.241451",57.481308,-4.241451,"Inverness,FL",11/8/2022 4:00,3,na,89.7,0.4,27,2,3
701,"45.16057658,10.79557331",45.16057658,10.79557331,"Mantua,VA",11/5/2022 23:00,30,0.1,92,21.5,28.1,11,30
702,"48.59043,7.744983",48.59043,7.744983,"Strasburg,VA",11/3/2022 8:00,20,na,100,13.8,0.9,20,63
703,"51.492507,-0.257252",51.492507,-0.257252,"Acton,CA",11/8/2022 4:00,30,0.7,48.5,2.8,27.8,17,30
704,"53.46008,-2.472056",53.46008,-2.472056,"Atherton,CA",11/8/2022 4:00,30,na,92.5,0.3,29.7,5,8
705,"-26.270361,28.416005",-26.270361,28.416005,"Springs,NY",11/8/2022 6:00,15,3.7,99,6.7,na,6,15
706,"52.9364915,9.0753464",52.9364915,9.0753464,"Bremen,GA",11/8/2022 5:00,20,na,83.6,2.3,19.5,9,na
707,"42.219002,-8.742058",42.219002,-8.742058,"San Martin,CA",11/8/2022 4:00,28,1,86.3,0.7,27.7,8,10
708,"54.59965,-5.928833",54.59965,-5.928833,"Belfast,ME",11/8/2022 4:00,30,na,81,1.4,0.9,12,30
709,"21.42463611,39.82916667",21.42463611,39.82916667,"Mecca,CA",2/27/2022 11:18,37,10,50,6,13,37,na
710,"32.054607,36.086468",32.054607,36.086468,"Jordan,MN",11/8/2022 3:00,27,25.4,62,20,na,27,na
711,"-33.79944,150.99778",-33.79944,150.99778,"Granville,OH",11/8/2022 14:00,22,2.3,53.1,1,22.4,9,15
712,"52.42031944,16.87728889",52.42031944,16.87728889,"Posen,IL",11/8/2022 5:00,46,0.1,90.9,12.6,7.4,11,46
713,"46.951111111111,7.4408333333333",46.95111111,7.440833333,"Berne,IN",11/8/2022 5:00,6,na,100,5.2,6.1,5,1
714,"39.366386409731,22.94306374023",39.36638641,22.94306374,"Volo,IL",11/8/2022 5:00,61,na,94.5,na,na,28,61
715,"-33.765278,151.13579",-33.765278,151.13579,"Eastwood,MI",11/8/2022 14:00,22,1.2,48,1,21.6,7,13
716,"50.1724916666666,3.23605531365857",50.17249167,3.236055314,"Cambria,CA",10/16/2016 3:00,-,na,95,23.8,0.4,36,32
717,"53.76559,-2.680353",53.76559,-2.680353,"Preston,ID",11/8/2022 4:00,29,na,87,2.3,28.7,9,21
718,"-33.91618,151.1358",-33.91618,151.1358,"Rockdale,TX",11/8/2022 14:00,20,na,50,1.9,20,11,16
719,"20.570367344035,-101.19007817525",20.57036734,-101.1900782,"Salamanca,NY",11/7/2022 16:00,22,na,30.5,na,na,22,na
720,"38.748611111111,-9.1488888888889",38.74861111,-9.148888889,"Lisbon,OH",11/8/2022 2:00,22,na,93,5.2,22,14,27
721,"25.421472222222,-100.99686111111",25.42147222,-100.9968611,"Saltillo,MS",8/6/2022 13:00,63,na,29.5,3,33.7,27,63
722,"34.2764,-118.68375",34.2764,-118.68375,"West Hills,NY",11/7/2022 20:00,26,na,85.4,1,25.6,2,5
723,"56.464258,-2.971386",56.464258,-2.971386,"Dundee,FL",11/3/2022 9:00,28,na,81,33.7,na,13,28
724,"-33.93177,151.2428",-33.93177,151.2428,"Kingsford,MI",11/8/2022 14:00,19,na,43.1,1,19.2,9,8
725,"51.666667,-3.194919",51.666667,-3.194919,"Blackwood,NJ",11/8/2022 4:00,17,na,96,1,27.3,5,17
726,"43.30608,5.39579",43.30608,5.39579,"Marseilles,IL",11/3/2022 9:00,23,0.1,81,7.6,19.8,12,23
727,"18.7983,110.3933",18.7983,110.3933,"Manning,SC",11/4/2022 7:00,93,5.9,82.2,5.1,31.7,36,93
728,"-27.4774,153.0281",-27.4774,153.0281,"Brisbane,CA",11/8/2022 14:00,17,na,47.4,na,na,12,17
729,"36.133317,-5.353175",36.133317,-5.353175,"Gibraltar,MI",11/2/2022 17:00,1,na,88,9.2,na,42,57
730,"45.017972,-74.735222",45.017972,-74.735222,"Cornwall,PA",11/8/2022 0:00,13,na,56,1.9,12.8,na,13
731,"53.59235,10.053724",53.59235,10.053724,"Hamburg,PA",11/8/2022 6:00,20,0.1,78.5,20.2,19.5,17,25
732,"-41.27822953,173.27352648",-41.27822953,173.2735265,"Nelson,GA",11/8/2022 17:00,7,na,75.4,na,na,7,na
733,"51.425286,-0.345606",51.425286,-0.345606,"Walton,KY",11/8/2022 4:00,32,na,83.2,27.9,31.9,9,22
734,"-27.9612,153.4024",-27.9612,153.4024,"Southport,NC",11/8/2022 14:00,9,na,79.2,1.4,9,6,3
735,"41.40388,2.2045226",41.40388,2.2045226,"Barceloneta,PR",11/8/2022 5:00,38,0.1,83,13.8,25,38,na
736,"-22.462144644634,-68.92806169339",-22.46214464,-68.92806169,"Kalama,WA",11/7/2022 23:00,19,3.6,19,11.3,19.2,19,17
737,"50.4108095,4.444643",50.4108095,4.444643,"Charleroi,PA",11/4/2022 7:00,2,na,96,na,na,2,13
738,"47.96,16.20694444",47.96,16.20694444,"Baden,PA",na,-,na,86,na,na,na,na
739,"-40.85,145.133",-40.85,145.133,"Smithton,IL",11/8/2022 15:00,9,na,84.7,na,na,7,9
740,"49.0428,-122.3097",49.0428,-122.3097,"Abbotsford,WI",11/7/2022 20:00,16,na,54,0.6,12.5,6,16
741,"22.562629699707,88.363037109375",22.5626297,88.36303711,"Calcutta,OH",11/8/2022 10:00,181,na,69,na,na,na,181
742,"33.3128,44.3615",33.3128,44.3615,"Bagdad,FL",11/8/2022 8:00,159,na,39,na,na,na,159
743,"43.92781137,2.145879865",43.92781137,2.145879865,"Albia,IA",11/8/2022 4:00,28,na,82,1.9,28.2,7,na
744,"-39.831316104673,-73.22851282209",-39.8313161,-73.22851282,"Las Animas,CO",11/8/2022 1:00,30,1.7,87,na,na,21,30
745,"43.5625,7.00722",43.5625,7.00722,"Kane,PA",11/8/2022 6:00,18,na,93,3.4,18.4,5,17
746,"57.7090200428988,11.9702405180056",57.70902004,11.97024052,"Gothenburg,NE",11/8/2022 5:00,12,na,93,2.1,na,12,5
747,"27.897633333333,-15.444942087759",27.89763333,-15.44494209,"Ingenio,PR",11/8/2022 4:00,20,0.1,82.9,2.8,19.5,10,13
748,"40.848913,-73.930604",40.848913,-73.930604,"Harlem,GA",11/7/2022 23:00,27,1.4,30,15.2,32,na,27
749,"64.044,-21.985",64.044,-21.985,"Islandia,NY",11/8/2022 3:00,4,0.1,75,2.6,na,2,4
750,"41.49918,-74.008886",41.49918,-74.008886,"Newburgh,IN",11/7/2022 23:00,46,na,42.6,16.9,3,na,46
751,"-36.78,174.74",-36.78,174.74,"North Shore,VA",11/8/2022 19:00,10,na,82,2.5,na,10,na
752,"49.8977123,10.8873264",49.8977123,10.8873264,"Bamberg,SC",11/8/2022 6:00,11,0.1,96,11.5,7.8,11,na
753,"9.985653,76.281342",9.985653,76.281342,"Malabar,FL",11/7/2022 14:00,8,8.2,54,4.2,na,6,83
754,"36.506015647598,-6.2685723945374",36.50601565,-6.268572395,"Cadiz,OH",11/8/2022 6:00,12,0.1,87,6,12.2,13,44
755,"55.7007621,12.5613124",55.7007621,12.5613124,"Denmark,SC",11/8/2022 5:00,18,1.5,95,2.7,18.1,na,na
756,"50.9472868218958,1.84308089509431",50.94728682,1.843080895,"Calais,ME",11/8/2022 3:00,10,na,76,3.7,28.9,10,5
757,"51.037279,13.7303687",51.037279,13.7303687,"Dresden,TN",11/8/2022 6:00,12,na,10,8.7,4.5,12,21
758,"47.3768866,8.541694",47.3768866,8.541694,"Lucerne,CA",11/8/2022 5:00,15,na,94.5,4.6,15.1,13,na
759,"52.420277777778,12.552222222222",52.42027778,12.55222222,"Brandenburg,KY",11/8/2022 6:00,14,0.1,91,4.6,13.5,5,17
760,"60.395929,5.312674",60.395929,5.312674,"Norway,MI",11/8/2022 6:00,27,na,91.6,0.9,26.7,1,2
761,"38.5040180163859,43.3712320382614",38.50401802,43.37123204,"Van,TX",11/8/2022 8:00,33,na,69,na,na,33,na
762,"45.81504217,9.06697886",45.81504217,9.06697886,"Como,WI",11/6/2022 23:00,34,0.1,82.7,24.7,20.8,11,34
763,"38.1935,-85.7121",38.1935,-85.7121,"Okolona,MS",11/8/2022 0:00,65,2.3,43,16.6,na,27,65
764,"44.55521,6.07306",44.55521,6.07306,"Gap,PA",11/3/2022 7:00,27,na,86.3,10.3,0.7,13,27
765,"49.5983299999403,6.13805799982412",49.59833,6.138058,"Luxemburg,WI",11/8/2022 5:00,13,na,na,na,12.2,11,13
766,"44.388806,7.8297411",44.388806,7.8297411,"Mondovi,WI",11/7/2022 5:00,17,0.1,76,10.6,16.7,na,na
767,"-38.757463,-62.286891",-38.757463,-62.286891,"Argentine,MI",4/25/2022 14:00,44,na,38.1,na,na,44,na
768,"40.4167754,-3.7037902",40.4167754,-3.7037902,"Madrid,IA",11/8/2022 6:00,53,0.1,72,12.4,7.4,20,53
769,"43.70208,7.28626",43.70208,7.28626,"Nice,CA",11/3/2022 9:00,32,na,89,12.5,0.9,18,32
770,"55.002851,-7.331128",55.002851,-7.331128,"Derry,PA",11/8/2022 5:00,28,na,82,0.5,28.1,7,25
771,"46.211678626461,5.226506120842",46.21167863,5.226506121,"Bourg,LA",11/4/2022 3:00,-,na,94,1.4,8,na,na
772,"51.5993,-0.068218",51.5993,-0.068218,"Enfield,NC",11/8/2022 4:00,34,7.3,84,3.9,6,15,34
773,"50.509334,18.288206",50.509334,18.288206,"Poland,OH",1/11/2021 8:00,45,na,99.3,5.5,na,45,46
774,"50.094238,14.442049",50.094238,14.442049,"Prague,OK",11/8/2022 6:00,30,na,77,10.8,7.2,21,30
775,"50.6325574,5.5796662",50.6325574,5.5796662,"Belgium,WI",11/4/2022 6:00,5,na,87,na,na,4,5
776,"53.74878,-0.341222",53.74878,-0.341222,"Hull,IA",11/8/2022 5:00,30,na,3,6.4,30,12,30
777,"37.007863,127.279856",37.007863,127.279856,"Anson,TX",11/8/2022 14:00,65,4.5,55,14.9,45.6,35,65
778,"35.8403239,137.9575572",35.8403239,137.9575572,"Ina,IL",11/8/2022 14:00,25,4.5,43.1,1.9,40,7,25
779,"53.37287,-3.022722",53.37287,-3.022722,"Liverpool,NY",11/8/2022 5:00,28,na,89,1.4,27.6,5,12
780,"51.48879,-0.441614",51.48879,-0.441614,"Ashford,AL",11/8/2022 5:00,33,na,82,1.2,32.8,8,18
781,"37.892595055141,-4.7801234744914",37.89259506,-4.780123474,"Cordova,AK",11/8/2022 5:00,1,0.1,81,10.6,10.2,28,72
782,"42.6311,-73.76555",42.6311,-73.76555,"Spencerville,OH",11/7/2022 23:00,23,2.3,59,na,2,na,23
783,"47.9071,1.90109",47.9071,1.90109,"Orleans,IN",11/8/2022 4:00,7,na,81,3.5,21.4,7,24
784,"19.530094444444,-96.881880555556",19.53009444,-96.88188056,"Jal,NM",11/7/2022 23:00,30,na,100,na,5.9,15,30
785,"-37.777543176927,175.28715904723",-37.77754318,175.287159,"Hamilton City,CA",11/8/2022 18:00,13,na,68,na,na,13,na
786,"55.944079,-4.734421",55.944079,-4.734421,"Greenock,PA",11/8/2022 5:00,12,na,76,2.1,15,6,12
787,"34.554382,69.2046",34.554382,69.2046,"Cabool,MO",8/15/2021 18:00,193,na,24,na,na,na,193
788,"49.3239,-123.0836",49.3239,-123.0836,"West End,NY",11/7/2022 21:00,9,0.1,84.5,1.9,9.1,na,8
789,"43.851367,25.964086",43.851367,25.964086,"Rouse,CA",11/8/2022 5:00,59,0.1,92.7,4.8,7.8,40,59
790,"1.4296436,103.7960862",1.4296436,103.7960862,"Woodlands,CA",11/8/2022 14:00,21,5,66,na,12,21,21
791,"39.458055555556,-0.37666666666667",39.45805556,-0.376666667,"Valencia,NM",11/8/2022 4:00,70,0.1,82,6.9,8.6,31,70
792,"41.475384,1.9212021",41.475384,1.9212021,"Martorell,PR",11/8/2022 5:00,14,0.1,82,12.4,14.3,20,42
793,"-36.601713211434,-72.958522830688",-36.60171321,-72.95852283,"Tome,NM",11/8/2022 1:00,61,20.6,87,7.3,4.8,40,61
794,"45.626104,9.025004",45.626104,9.025004,"Italy,TX",11/6/2022 23:00,42,na,83.5,22.9,19.9,15,42
795,"53.285833000178,-6.1319440004234",53.285833,-6.131944,"Kingstown,MD",11/8/2022 5:00,32,na,90.5,0.5,na,12,32
796,"53.91472,-122.74194",53.91472,-122.74194,"Prince George,VA",11/7/2022 21:00,16,na,61.6,1.1,9.7,9,16
797,"19.635501,-98.912003",19.635501,-98.912003,"Surez,PR",na,-,na,29,na,na,na,na
798,"35.897778,14.489444",35.897778,14.489444,"Malta,MT",11/8/2022 8:00,55,0.1,77,30.2,2.1,20,55
799,"49.1328,-122.6942",49.1328,-122.6942,"Langley,SC",11/7/2022 21:00,12,0.1,76.6,1.6,10.8,na,12
800,"42.603888888889,-5.587222222222",42.60388889,-5.587222222,"Leon,IA",11/8/2022 5:00,19,0.1,69.5,3.2,18.7,15,5
801,"47.6514567,23.5695389",47.6514567,23.5695389,"Bay,AR",11/8/2022 8:00,219,na,100,9.1,219.2,na,na
802,"50.947268,6.957649",50.947268,6.957649,"Cologne,MN",11/8/2022 5:00,20,na,92,10.6,na,6,20
803,"-22.801917139,-45.19112236",-22.80191714,-45.19112236,"Lorena,TX",11/4/2022 17:00,25,na,52,2.3,18.3,8,25
804,"40.86369,14.25451",40.86369,14.25451,"Stella,PR",8/16/2022 9:00,16,3.2,77.8,9.6,16.3,9,28
805,"-37.65995,144.9411",-37.65995,144.9411,"Greenvale,NY",5/11/2021 14:00,16,na,76,na,na,11,16
806,"51.2056589,4.4180728",51.2056589,4.4180728,"Antwerp,OH",11/4/2022 7:00,30,na,87,na,na,14,30
807,"45.7037055,-73.660098",45.7037055,-73.660098,"Terrebonne,OR",11/8/2022 0:00,13,0.2,70,6,12.8,na,9
808,"25.6516471,-100.1059194",25.6516471,-100.1059194,"Juarez,TX",11/7/2022 23:00,64,15.9,83,3.5,20,64,46
809,"40.64182,-73.885552",40.64182,-73.885552,"Duck Hill,MS",8/13/2022 16:00,-,4.8,69.2,16.6,98.1,na,15
810,"53.549509,-113.48593",53.549509,-113.48593,"Edmonton,KY",11/7/2022 23:00,18,2.3,88,4.7,0.1,na,18
811,"61.3267,-149.569707",61.3267,-149.569707,"Eagle River,WI",11/7/2022 21:00,14,na,88,na,na,14,na
812,"-34.6775885,-58.701767",-34.6775885,-58.701767,"Moroni,UT",11/8/2022 2:00,32,1.7,69,na,na,32,25
813,"42.688055555556,-2.940555555556",42.68805556,-2.940555556,"Miranda,PR",11/8/2022 5:00,16,na,93,7.8,15.5,11,na
814,"55.836203,-4.508783",55.836203,-4.508783,"Paisley,FL",11/8/2022 5:00,12,na,72.6,10.6,13,7,12
815,"51.389286904505,-0.141661524779893",51.3892869,-0.141661525,"Sutton,NE",11/8/2022 5:00,17,na,88,26.5,na,15,17
816,"49.870277777778,8.6544444444444",49.87027778,8.654444444,"Darmstadt,IN",11/8/2022 6:00,18,0.1,96.1,19.2,3.4,8,18
817,"55.607469,-4.497986",55.607469,-4.497986,"Kilmarnock,VA",11/8/2022 5:00,15,na,87,3.6,na,8,15
818,"49.419552777873,8.6766638893551",49.41955278,8.676663889,"Heidelberg,TX",11/8/2022 7:00,11,na,81,6.9,11,8,23
819,"19.294298341379,-99.655297086786",19.29429834,-99.65529709,"Toluca,IL",11/7/2022 23:00,95,11.1,81,27.8,5.6,66,95
820,"22.611968,88.347422",22.611968,88.347422,"Bally,PA",11/8/2022 12:00,169,8.6,54.64,12.9,7.3,103,169
821,"42.7325,23.298611",42.7325,23.298611,"Sophia,WV",11/8/2022 8:00,49,na,71.5,17.8,0.6,49,na
822,"-26.662851,28.584703",-26.662851,28.584703,"Balfour,NC",11/8/2022 8:00,22,1.8,96.4,2.5,22.1,4,na
823,"44.647175,-63.573689",44.647175,-63.573689,"Halifax,VA",11/8/2022 2:00,18,na,61,na,na,na,18
824,"38.2286,-85.6544",38.2286,-85.6544,"Newburg,WI",11/8/2022 1:00,20,2.3,34,8.5,20,12,18
825,"50.546111111111,9.68",50.54611111,9.68,"Fulda,MN",11/8/2022 7:00,27,0.1,78.3,na,3.1,8,27
826,"20.030793,110.328859",20.030793,110.328859,"China,TX",11/8/2022 14:00,25,5.5,94,5.5,25.2,11,25
827,"36.719637446546,-4.4474984960109",36.71963745,-4.447498496,"Malaga,CA",11/8/2022 6:00,49,0.1,71,23.4,1.8,32,49
828,"43.12679,5.92194",43.12679,5.92194,"Toulon,IL",11/8/2022 6:00,13,na,80,5.8,11,13,na
829,"43.406667,-3.883333",43.406667,-3.883333,"Camargo,KY",11/8/2022 6:00,24,0.1,69.8,0.5,24.4,6,na
830,"53.862236999962,10.673320000237",53.862237,10.67332,"Lubeck,WV",11/8/2022 5:00,7,na,87,12.9,na,7,7
831,"41.9939694,12.7245045",41.9939694,12.7245045,"Tivoli,NY",11/6/2022 23:00,13,na,48.6,8.7,16.7,9,13
832,"-22.884198,-43.242592",-22.884198,-43.242592,"Rio,WI",11/7/2022 15:00,21,74.5,82,7.6,20.8,50,na
833,"67.275501,14.419057",67.275501,14.419057,"Bude,MS",11/8/2022 7:00,4,na,89,na,na,2,4
834,"-40.286857441758,-73.076710459412",-40.28685744,-73.07671046,"La Union,NM",11/8/2022 2:00,20,na,93,na,na,20,13
835,"49.411231944444,14.676388611111",49.41123194,14.67638861,"Tabor,IA",11/8/2022 6:00,23,na,97.9,6.4,1,23,9
836,"38.508114,-82.659301",38.508114,-82.659301,"Ironville,KY",11/8/2022 1:00,25,na,39.7,na,na,na,25
837,"-33.016889,27.899083",-33.016889,27.899083,"Buffalo City,WI",11/8/2022 6:00,18,4.4,205.35,na,0.7,18,na
838,"28.102509498246,-15.420199443431",28.1025095,-15.42019944,"Palmas,PR",11/8/2022 6:00,42,0.1,83,7.4,17.9,17,42
839,"15.5007,32.5599",15.5007,32.5599,"Sudan,TX",11/8/2022 9:00,82,na,23,na,na,na,82
840,"19.34561,-99.009381",19.34561,-99.009381,"Magdalena,NM",11/8/2022 0:00,42,5.6,58,15.8,10.4,na,42
841,"-37.7749672,145.3285",-37.7749672,145.3285,"Lilydale,MN",11/8/2022 18:00,27,3.4,51,21.3,27.2,18,24
842,"36.7558,3.039114",36.7558,3.039114,"Alger,OH",11/8/2022 8:00,74,na,87,na,na,na,74
843,"48.9302,2.29421",48.9302,2.29421,"Siren,WI",11/8/2022 6:00,17,na,78,5,na,7,17
844,"55.6750137,12.5693995",55.6750137,12.5693995,"Copenhagen,NY",11/8/2022 7:00,40,2.2,93,16.6,8.5,22,40
845,"48.4455319865787,0.110833528243159",48.44553199,0.110833528,"Alanson,MI",11/8/2022 5:00,-,na,81,1.9,15.9,10,25
846,"47.059444,15.466666",47.059444,15.466666,"Gratz,PA",11/8/2022 8:00,20,na,93.1,9.6,na,20,na
847,"45.5086699,-73.5539925",45.5086699,-73.5539925,"Montreal,WI",11/8/2022 1:00,12,6.4,58,3.7,12,na,12
848,"47.541111111111,7.5833333333333",47.54111111,7.583333333,"Ryan,OK",11/8/2022 8:00,11,na,93,15.1,1.6,11,na
849,"-42.081,145.553",-42.081,145.553,"Queenstown,MD",11/8/2022 17:00,3,na,57.1,na,na,3,5
850,"54.27296,-8.480431",54.27296,-8.480431,"Sligo,PA",na,-,na,78.5,na,na,na,na
851,"55.635129,37.658684",55.635129,37.658684,"Russia,OH",11/3/2022 1:00,30,1.9,86,11,na,12,30
852,"32.066158,34.777819",32.066158,34.777819,"Joppa,AL",11/8/2022 9:00,63,8.8,82,14.2,20.1,na,63
853,"53.1434501,8.2145521",53.1434501,8.2145521,"Oldenburg,IN",11/8/2022 8:00,15,na,88,17.9,14.7,10,na
854,"38.445,-0.80638888888889",38.445,-0.806388889,"Alda,NE",11/8/2022 6:00,30,na,80,5.1,9.8,8,30
855,"45.4478313,-73.4803865",45.4478313,-73.4803865,"La Prairie,MN",11/8/2022 0:00,12,0.1,64,9.1,12,na,12
856,"51.486957,0.095111",51.486957,0.095111,"Welling,OK",11/8/2022 6:00,27,na,87,4,27.3,6,6
857,"-43.159,147.072",-43.159,147.072,"Cygnet,OH",11/8/2022 17:00,9,na,52.2,na,na,8,9
858,"38.346258,-81.621161",38.346258,-81.621161,"Kanawha,IA",11/7/2022 21:00,15,na,64,na,15.2,na,na
859,"48.396866667006,9.9789750003815",48.39686667,9.978975,"Ulm,MT",11/8/2022 8:00,32,na,99,8.3,0.5,12,32
860,"-26.250733,27.9564167",-26.250733,27.9564167,"Riverlea,OH",11/8/2022 10:00,22,5.3,79.05,9.7,10.7,7,22
861,"52.0387126,23.1445026",52.0387126,23.1445026,"Alba,TX",11/8/2022 9:00,27,na,89,5,5.8,27,na
862,"49.4440155,11.0357855",49.4440155,11.0357855,"Nuremberg,PA",11/8/2022 8:00,30,0.1,100,25.6,7.8,30,na
863,"52.13795,4.83819",52.13795,4.83819,"Verden,OK",11/8/2022 8:00,16,na,70.3,4.2,16.4,8,na
864,"51.0583317184903,3.72929817206168",51.05833172,3.729298172,"Ghent,WV",11/4/2022 7:00,21,na,1.5,na,na,10,21
865,"44.651569,10.907312",44.651569,10.907312,"Modena,PA",11/6/2022 23:00,50,na,81,22.4,19.1,16,50
866,"53.563481,-2.330732",53.563481,-2.330732,"Radcliffe,IA",11/7/2022 23:00,10,na,88,2.3,na,10,na
867,"53.555726,9.943065",53.555726,9.943065,"Altona,CO",11/8/2022 7:00,25,0.1,90,20.2,15.9,13,25
868,"-21.1595,149.1549",-21.1595,149.1549,"Mackay,ID",11/8/2022 17:00,20,na,66,na,na,13,20
869,"53.3771105,-2.12021337",53.3771105,-2.12021337,"Stockport,OH",11/7/2022 20:00,-,na,85.7,2.8,na,10,na
870,"51.60308,4.781016",51.60308,4.781016,"Breda,IA",11/8/2022 8:00,18,na,78,4.9,18.4,10,8
871,"55.91796,-4.406231",55.91796,-4.406231,"Erskine,MN",11/8/2022 5:00,10,na,84,3.8,15,6,10
872,"-37.7784081,145.0306",-37.7784081,145.0306,"Hawthorn,PA",11/8/2022 19:00,81,3.5,73.5,12.1,12.8,22,81
873,"46.041268534811,4.074659314085",46.04126853,4.074659314,"Roann,IN",11/4/2022 3:00,-,na,81,1.6,12.2,na,na
874,"-26.178666,28.13314",-26.178666,28.13314,"Alberton,MT",11/8/2022 10:00,48,8.5,99,na,na,19,48
875,"14.3036345,121.0781493",14.3036345,121.0781493,"San Pedro,TX",10/6/2021 12:00,-,na,70.1,190.8,216.5,na,na
876,"59.8605212767021,17.6375967025961",59.86052128,17.6375967,"Upsala,MN",11/8/2022 9:17,6,na,100,16.9,na,3,6
877,"53.4424622,-2.31132399",53.4424622,-2.31132399,"Hale,MO",11/8/2022 6:00,10,na,80,5.5,na,10,na
878,"38.6745958101318,39.2116675306152",38.67459581,39.21166753,"Turkey,TX",11/8/2022 11:00,34,na,87,na,na,34,na
879,"4.9311206,114.9516869",4.9311206,114.9516869,"Bruni,TX",11/8/2022 16:00,10,na,84,na,na,na,na
880,"47.508605,19.02764",47.508605,19.02764,"Bud,WV",10/24/2022 10:00,18,4.6,88.7,13.5,3.1,18,na
881,"-12.467003,130.850577",-12.467003,130.850577,"Darwin,MN",11/8/2022 18:00,47,4.5,65.235,1.8,8.1,23,47
882,"50.5353874629762,2.63569180127105",50.53538746,2.635691801,"Bethune,SC",11/8/2022 8:00,14,na,67,8.7,14.3,9,na
883,"43.224389,27.915733",43.224389,27.915733,"Varna,IL",11/8/2022 7:00,42,0.1,81.5,46.6,3.6,42,na
884,"45.104332,7.6964231",45.104332,7.6964231,"Turin,GA",11/7/2022 5:00,53,0.1,72.6,17.4,3.3,26,53
885,"28.072644444444,-16.652752049546",28.07264444,-16.65275205,"Arona,PA",11/8/2022 8:00,55,na,73,3.2,20.4,23,55
886,"50.057447,19.946008",50.057447,19.946008,"Krakow,WI",11/8/2022 8:00,122,0.1,87,18.2,0.4,53,122
887,"27.19865833,78.00598056",27.19865833,78.00598056,"Agra,OK",11/8/2022 13:00,94,na,39.5,4.1,22.6,80,94
888,"47.871158,17.273464",47.871158,17.273464,"Altenburg,MO",10/24/2022 10:00,23,4.7,98.7,na,na,23,na
889,"48.42389,-123.49278",48.42389,-123.49278,"Langford,SD",11/8/2022 0:00,25,na,92,0.6,10.2,na,25
890,"59.92305,10.76574",59.92305,10.76574,"Oslo,MN",11/8/2022 9:00,11,0.1,96,16.9,na,6,11
891,"52.619823,-1.127311",52.619823,-1.127311,"Lester,WV",11/8/2022 8:00,25,na,87,6.1,25,6,15
892,"32.177124,34.935725",32.177124,34.935725,"Tira,TX",11/8/2022 8:00,64,na,76.6,17,18.1,na,64
893,"52.401111111111,13.059722222222",52.40111111,13.05972222,"Potsdam,OH",11/8/2022 9:00,34,0.1,67.2,7.8,11.4,10,34
894,"-12.00889,-77.08447",-12.00889,-77.08447,"Callao,MO",11/8/2022 3:00,68,na,84,4.9,0.4,27,68
895,"54.180381,-6.33924",54.180381,-6.33924,"Newry,PA",11/8/2022 4:00,20,na,86,2.8,0.9,20,30
896,"56.07383,-3.44862",56.07383,-3.44862,"Dunfermline,IL",11/8/2022 5:00,8,na,48,1.2,16,4,8
897,"51.313055555556,9.4925",51.31305556,9.4925,"Cassel,CA",11/8/2022 9:00,48,0.1,87,na,2.9,32,48
898,"52.28881,-1.533119",52.28881,-1.533119,"Leamington,UT",11/8/2022 8:00,36,na,91.1,5.5,36.2,10,21
899,"46.323194,-79.449278",46.323194,-79.449278,"North Bay,WI",11/8/2022 3:00,22,na,67,1,22.4,na,9
900,"54.78143,9.43809",54.78143,9.43809,"Flensburg,MN",11/8/2022 4:00,28,na,87,5.7,na,14,28
901,"51.399089,21.147484",51.399089,21.147484,"Radom,IL",11/8/2022 9:00,57,0.1,80,13.1,5.3,17,57
902,"35.5014765,137.7913926",35.5014765,137.7913926,"Ida,LA",9/19/2020 20:00,-,na,89.1,2.8,28.9,16,13
903,"43.144028942242,-2.963385282126",43.14402894,-2.963385282,"Plaza,ND",11/8/2022 7:00,18,0.1,56.5,6.9,17.5,10,17
904,"25.551222222222,-103.50252777778",25.55122222,-103.5025278,"Torreon,NM",11/8/2022 2:00,106,55.3,68,5.4,14.8,68,106
905,"48.1351253,11.5819806",48.1351253,11.5819806,"Munich,ND",11/8/2022 9:00,20,0.1,82,20.2,1.3,20,na
906,"19.532968,-99.030324",19.532968,-99.030324,"San Cristobal,NM",11/8/2022 2:00,38,2.3,62,7.5,16,16,38
907,"49.4868046,11.7855875",49.4868046,11.7855875,"Amberg,WI",11/8/2022 10:00,-,0.1,100,13.3,3.7,15,na
908,"48.8303,2.26972",48.8303,2.26972,"Medon,TN",11/8/2022 7:00,10,na,82,10.2,na,10,na
909,"35.495738,136.9178419",35.495738,136.9178419,"Mina,NV",11/8/2022 17:00,70,na,48.3,3.8,38.4,14,70
910,"64.68337,24.48162",64.68337,24.48162,"Finland,MN",11/8/2022 10:00,17,na,100,5,na,17,na
911,"53.385636000137,-6.3699340002986",53.385636,-6.369934,"Lucan,MN",11/8/2022 8:00,25,na,81,14.8,na,11,25
912,"12.1348,15.0557",12.1348,15.0557,"Lamy,NM",11/8/2022 10:00,132,na,18,na,na,na,132
913,"39.945277777778,-0.056388888888889",39.94527778,-0.056388889,"Villarreal,TX",11/8/2022 8:00,33,0.1,66,38.9,28.9,1,5
914,"-17.3880159,-66.2062244",-17.3880159,-66.2062244,"Bolivia,NC",8/3/2020 16:00,-,na,34,na,na,na,na
915,"49.1124645,9.7372649",49.1124645,9.7372649,"Hall,NY",2/9/2020 6:00,102,na,74,14.2,0.9,40,102
916,"43.4118,24.615006",43.4118,24.615006,"Plevna,MT",1/8/2020 7:00,51,0.1,54.7,16.9,na,51,na
917,"49.179627,-2.09811",49.179627,-2.09811,"Jersey,GA",11/8/2022 9:00,135,na,82,na,na,73,135
918,"52.638797999972,-7.268113999933",52.638798,-7.268114,"Kilkenny,MN",11/8/2022 9:00,34,na,89.2,2.1,26,34,na
919,"-41.52663988,173.95608203",-41.52663988,173.956082,"Blenheim,SC",11/8/2022 21:00,56,na,87,na,na,17,56
920,"-37.722477,145.0576",-37.722477,145.0576,"Epping,ND",11/8/2022 19:00,22,3.5,76.5,12.1,12.8,22,3
921,"50.8503396,4.3517103",50.8503396,4.3517103,"Brussels,IL",11/4/2022 7:00,46,na,87,na,na,15,46
922,"55.464531,-4.631673",55.464531,-4.631673,"Ayr,NE",11/8/2022 5:00,25,na,93,1.1,24.7,9,19
923,"40.92431,14.48133",40.92431,14.48133,"Nora,IL",8/15/2022 23:00,52,na,73.1,10.7,2.9,19,52
924,"55.606388092041,13.0019636154175",55.60638809,13.00196362,"Malmo,NE",11/8/2022 10:00,26,na,89,5.2,11.3,9,26
925,"51.258828,22.570467",51.258828,22.570467,"Lublin,WI",11/8/2022 10:00,77,0.1,75,10.1,10.4,28,77
926,"59.3408269502832,18.0582536812784",59.34082695,18.05825368,"Stockholm,SD",11/8/2022 9:00,6,0.1,100,10.1,na,6,na
927,"55.703336,13.180275",55.703336,13.180275,"Lund,NV",11/8/2022 10:00,20,na,89,na,na,20,na
928,"49.8475,24.0155",49.8475,24.0155,"Leopolis,WI",6/21/2022 20:00,10,na,93,na,na,9,10
929,"-41.638,147.967",-41.638,147.967,"Fingal,ND",11/8/2022 18:00,9,na,89.1,na,na,8,9
930,"49.007958333227,8.3871888889207",49.00795833,8.387188889,"Karlsruhe,ND",11/8/2022 10:00,29,na,88,26.1,1.3,12,29
931,"24.7955,84.9994",24.7955,84.9994,"Gay,GA",11/8/2022 15:00,152,11.1,63.25,4,4.1,na,152
932,"-41.595,147.122",-41.595,147.122,"Longford,KS",11/8/2022 18:00,9,na,51.1,na,na,6,9
933,"40.4432593,-79.9906228999999",40.4432593,-79.9906229,"Mount Lebanon,LA",10/18/2016 16:00,-,4.5,93.8,na,0.1,23,47
934,"50.454722,-104.606667",50.454722,-104.606667,"Regina,NM",11/8/2022 3:00,13,na,85,1,12.6,na,9
935,"52.077148,4.289185",52.077148,4.289185,"Hague,ND",11/8/2022 10:00,23,na,78,11,13.4,5,23
936,"-36.784653741124,-73.052063025795",-36.78465374,-73.05206303,"Concepcion,TX",11/8/2022 4:00,46,5.9,76,4.2,5.6,14,46
937,"50.768729,16.269677",50.768729,16.269677,"Waldenburg,AR",11/8/2022 11:00,18,0.1,89.1,2.8,18.2,9,na
938,"55.97671,-3.59731",55.97671,-3.59731,"Bathgate,ND",11/8/2022 5:00,7,na,81,2.3,16,3,7
939,"51.48178,-3.17625",51.48178,-3.17625,"Cardiff,AL",11/8/2022 9:00,46,0.5,88,5.6,20.4,13,46
940,"53.529433,10.082139",53.529433,10.082139,"Marienthal,KS",11/8/2022 9:00,0,0.1,76,10.6,na,10,25
941,"49.119682835312,6.18092604026791",49.11968284,6.18092604,"Metz,MO",11/3/2022 6:00,25,na,93,8.7,9.8,10,25
942,"49.682603,-124.996222",49.682603,-124.996222,"Courtenay,ND",11/8/2022 1:00,13,na,52,0.2,10.2,na,13
943,"50.018263,20.99258",50.018263,20.99258,"Tarnov,NE",11/8/2022 11:00,27,0.1,69.1,4.5,16.1,7,27
944,"32.557751,35.845016",32.557751,35.845016,"Arbela,MO",11/8/2022 12:00,15,na,74.7,7.4,14.8,na,na
945,"-33.464142,-70.660797",-33.464142,-70.660797,"Santiago,WA",11/8/2022 5:00,63,9.4,87,16.3,3.2,36,63
946,"45.4032761,-73.9503608",45.4032761,-73.9503608,"Beaconsfield,IA",11/8/2022 4:00,17,6.4,39,3.7,17,na,12
947,"50.444,30.54",50.444,30.54,"Kief,ND",10/19/2022 1:00,5,na,88.23,na,na,2,5
948,"56.399327,-3.434182",56.399327,-3.434182,"Perth,ND",11/8/2022 7:00,12,na,88,19.6,na,6,12
949,"36.460594405413,-6.2030661968542",36.46059441,-6.203066197,"San Fernando,TX",11/8/2022 9:00,47,0.1,73,10.1,14.7,12,47
